{"type":"FeatureCollection","features":[{"type":"Feature","properties":{"Parqueo Vida Estudiantil":"V.E","marker-color":"#ff0000","marker-size":"medium","marker-symbol":"circle"},"geometry":{"coordinates":[-86.25763870356828,12.109229927858692],"type":"Point"}},{"type":"Feature","properties":{" Dirección de Investigación y Extensión Universitaria/Directorate of University Research and Extension":""},"geometry":{"coordinates":[[[-86.25758691226355,12.108419898120983],[-86.25758908313462,12.10841979384558],[-86.257591233099,12.108419482023598],[-86.25759334145137,12.108418965658052],[-86.25759538788714,12.10841824972183],[-86.25759735269799,12.108417341109783],[-86.25759921696172,12.10841624857235],[-86.25760096272448,12.108414982631269],[-86.25760257317359,12.10841355547824],[-86.25760403279953,12.108411980857532],[-86.25760532754536,12.108410273933606],[-86.25760644494191,12.108408451145076],[-86.25760737422806,12.10840653004639],[-86.2576081064543,12.108404529138783],[-86.2576086345689,12.108402467692093],[-86.25760895348577,12.108400365559175],[-86.25760906013366,12.108398242984723],[-86.25760895348543,12.108396120410289],[-86.2576086345682,12.108394018277421],[-86.2576081064533,12.10839195683081],[-86.2576073742268,12.108389955923315],[-86.25760644494041,12.108388034824765],[-86.25760532754367,12.108386212036383],[-86.25760403279776,12.108384505112621],[-86.2576025731718,12.108382930492084],[-86.25760096272273,12.108381503339226],[-86.25759921696007,12.108380237398308],[-86.25759735269651,12.10837914486103],[-86.25759538788587,12.10837823624912],[-86.25759334145037,12.108377520313002],[-86.25759123309832,12.108377003947538],[-86.25758908313426,12.108376692125605],[-86.25758691226355,12.10837658785022],[-86.25758474139283,12.108376692125605],[-86.25758259142877,12.108377003947538],[-86.25758048307672,12.108377520313002],[-86.25757843664124,12.10837823624912],[-86.25757647183059,12.10837914486103],[-86.25757460756702,12.108380237398308],[-86.25757286180438,12.108381503339226],[-86.25757125135532,12.108382930492084],[-86.25756979172934,12.108384505112621],[-86.25756849698342,12.108386212036383],[-86.2575673795867,12.108388034824765],[-86.25756645030032,12.108389955923315],[-86.25756571807379,12.10839195683081],[-86.2575651899589,12.108394018277421],[-86.25756487104168,12.108396120410289],[-86.25756476439345,12.108398242984723],[-86.25756487104132,12.108400365559175],[-86.25756518995821,12.108402467692093],[-86.2575657180728,12.108404529138783],[-86.25756645029904,12.10840653004639],[-86.2575673795852,12.108408451145076],[-86.25756849698176,12.108410273933606],[-86.25756979172756,12.108411980857532],[-86.25757125135353,12.10841355547824],[-86.25757286180261,12.108414982631269],[-86.25757460756537,12.10841624857235],[-86.25757647182911,12.108417341109783],[-86.25757843663996,12.10841824972183],[-86.25758048307573,12.108418965658052],[-86.25758259142809,12.108419482023598],[-86.25758474139248,12.10841979384558],[-86.25758691226355,12.108419898120983]]],"type":"Polygon"}},{"type":"Feature","properties":{"marker-color":"#ff0000","marker-size":"medium","marker-symbol":"circle","Parqueo Odontología/Dentistry Parking Spot":""},"geometry":{"coordinates":[-86.25698988574175,12.108233554991301],"type":"Point"}},{"type":"Feature","properties":{"Entrada/Salida Sur UAM ":"Entrada 2","marker-color":"#ff0000","marker-size":"medium","marker-symbol":"circle"},"geometry":{"coordinates":[-86.25898354709653,12.104511317870262],"type":"Point"}},{"type":"Feature","properties":{"Parqueo Temporal/Temporary Parking Spot":""},"geometry":{"coordinates":[[[-86.25736253376387,12.106953675363599],[-86.25736585713842,12.106953515728073],[-86.25736914850704,12.106953038358874],[-86.25737237617206,12.106952247853336],[-86.25737550904927,12.10695115182445],[-86.25737851696734,12.10694976082759],[-86.25738137095837,12.106948088258813],[-86.25738404353687,12.106946150225877],[-86.25738650896444,12.106943965393103],[-86.25738874349767,12.106941554801638],[-86.25739072561676,12.106938941666792],[-86.25739243623283,12.106936151154489],[-86.25739385887177,12.106933210138902],[-86.25739497983271,12.106930146943611],[-86.25739578832027,12.106926991068873],[-86.2573962765482,12.106923772907486],[-86.25739643981471,12.106920523452107],[-86.25739627654738,12.10691727399677],[-86.25739578831863,12.106914055835498],[-86.25739497983037,12.106910899960953],[-86.25739385886878,12.106907836765917],[-86.25739243622935,12.106904895750638],[-86.25739072561286,12.106902105238692],[-86.25738874349352,12.106899492104233],[-86.25738650896022,12.106897081513168],[-86.25738404353274,12.106894896680796],[-86.25738137095449,12.106892958648247],[-86.25737851696384,12.106891286079824],[-86.25737550904627,12.106889895083276],[-86.25737237616973,12.106888799054648],[-86.25736914850543,12.106888008549298],[-86.2573658571376,12.106887531180217],[-86.25736253376387,12.106887371544731],[-86.25735921039012,12.106887531180217],[-86.25735591902229,12.106888008549298],[-86.25735269135801,12.106888799054648],[-86.25734955848145,12.106889895083276],[-86.25734655056388,12.106891286079824],[-86.25734369657323,12.106892958648247],[-86.25734102399498,12.106894896680796],[-86.25733855856748,12.106897081513168],[-86.2573363240342,12.106899492104233],[-86.25733434191486,12.106902105238692],[-86.25733263129838,12.106904895750638],[-86.25733120865894,12.106907836765917],[-86.25733008769735,12.106910899960953],[-86.25732927920909,12.106914055835498],[-86.25732879098031,12.10691727399677],[-86.25732862771301,12.106920523452107],[-86.2573287909795,12.106923772907486],[-86.25732927920745,12.106926991068873],[-86.25733008769502,12.106930146943611],[-86.25733120865596,12.106933210138902],[-86.25733263129489,12.106936151154489],[-86.25733434191096,12.106938941666792],[-86.25733632403005,12.106941554801638],[-86.25733855856328,12.106943965393103],[-86.25734102399085,12.106946150225877],[-86.25734369656935,12.106948088258813],[-86.25734655056037,12.10694976082759],[-86.25734955847847,12.10695115182445],[-86.25735269135566,12.106952247853336],[-86.25735591902067,12.106953038358874],[-86.2573592103893,12.106953515728073],[-86.25736253376387,12.106953675363599]]],"type":"Polygon"}},{"type":"Feature","properties":{" Punto de Reunión/Meeting Point":""},"geometry":{"coordinates":[[[-86.25768399309736,12.108820083013214],[-86.25768726084672,12.108819926050954],[-86.25769049712584,12.108819456675798],[-86.25769367076758,12.108818679408095],[-86.25769675120803,12.108817601733353],[-86.25769970878086,12.108816234030177],[-86.25770251500305,12.108814589470303],[-86.25770514284908,12.108812683891742],[-86.25770756701138,12.108810535646263],[-86.25770976414394,12.10880816542265],[-86.25771171308719,12.10880559604746],[-86.25771339507173,12.108802852265184],[-86.25771479389914,12.108799960499951],[-86.25771589609793,12.108796948601045],[-86.25771669105336,12.108793845574702],[-86.25771717110959,12.108790681304765],[-86.25771733164339,12.108787486264886],[-86.2577171711088,12.108784291225046],[-86.25771669105181,12.10878112695522],[-86.25771589609566,12.108778023929064],[-86.25771479389624,12.108775012030405],[-86.25771339506835,12.108772120265472],[-86.25771171308342,12.10876937648354],[-86.25770976413996,12.108766807108724],[-86.25770756700732,12.108764436885497],[-86.25770514284507,12.108762288640408],[-86.25770251499928,12.108760383062222],[-86.25769970877748,12.108758738502688],[-86.25769675120515,12.108757370799813],[-86.25769367076532,12.108756293125323],[-86.25769049712427,12.1087555158578],[-86.25768726084593,12.108755046482761],[-86.25768399309736,12.108754889520537],[-86.25768072534882,12.108755046482761],[-86.25767748907047,12.1087555158578],[-86.25767431542943,12.108756293125323],[-86.25767123498957,12.108757370799813],[-86.25766827741727,12.108758738502688],[-86.25766547119547,12.108760383062222],[-86.25766284334966,12.108762288640408],[-86.25766041918743,12.108764436885497],[-86.25765822205479,12.108766807108724],[-86.2576562731113,12.10876937648354],[-86.25765459112638,12.108772120265472],[-86.25765319229849,12.108775012030405],[-86.25765209009907,12.108778023929064],[-86.25765129514292,12.10878112695522],[-86.25765081508595,12.108784291225046],[-86.25765065455134,12.108787486264886],[-86.25765081508516,12.108790681304765],[-86.25765129514139,12.108793845574702],[-86.25765209009681,12.108796948601045],[-86.2576531922956,12.108799960499951],[-86.257654591123,12.108802852265184],[-86.25765627310754,12.10880559604746],[-86.2576582220508,12.10880816542265],[-86.25766041918337,12.108810535646263],[-86.25766284334566,12.108812683891742],[-86.2576654711917,12.108814589470303],[-86.25766827741386,12.108816234030177],[-86.2576712349867,12.108817601733353],[-86.25767431542717,12.108818679408095],[-86.2576774890689,12.108819456675798],[-86.25768072534802,12.108819926050954],[-86.25768399309736,12.108820083013214]]],"type":"Polygon"}},{"type":"Feature","properties":{"Parqueo Jaguar ":"Park 4","marker-color":"#ff0000","marker-size":"medium","marker-symbol":"circle"},"geometry":{"coordinates":[-86.25811925705642,12.109507305549045],"type":"Point"}},{"type":"Feature","properties":{"Entrada/Salida Este Uam ":"Entrada 3","marker-color":"#ff0000","marker-size":"medium","marker-symbol":"circle"},"geometry":{"coordinates":[-86.25613479910237,12.107216038359738],"type":"Point"}},{"type":"Feature","properties":{"stroke":"#0ea9be","stroke-width":2,"stroke-opacity":1,"fill":"#1adce0","fill-opacity":0.5},"geometry":{"coordinates":[[[-86.25898251423652,12.109132503801916],[-86.25897623543713,12.109038882586333],[-86.25887577464464,12.109043486909371],[-86.25887891404432,12.10913864289678],[-86.25898251423652,12.109132503801916]]],"type":"Polygon"}},{"type":"Feature","properties":{"Campo De Beisball":"C.D.B","stroke":"#187c28","stroke-width":2,"stroke-opacity":1,"fill":"#42d737","fill-opacity":0.5},"geometry":{"coordinates":[[[-86.25883804174862,12.10787145584743],[-86.25881671345779,12.107310253169004],[-86.25878131118635,12.107170730184801],[-86.25869154829772,12.107058286114615],[-86.25838193405589,12.106927895761775],[-86.25794721117586,12.106932063945465],[-86.25790320276056,12.10787946263028],[-86.25883804174862,12.10787145584743]]],"type":"Polygon"}},{"type":"Feature","properties":{"Campo Beisball":"C.D.B","marker-color":"#ff0000","marker-size":"medium","marker-symbol":"circle"},"geometry":{"coordinates":[-86.25836370182866,12.10744124395194],"type":"Point"}},{"type":"Feature","properties":{"El Jaguarcito":"Jaguarcito","stroke":"#279eb3","stroke-width":2,"stroke-opacity":1,"fill":"#4ecbdd","fill-opacity":0.5},"geometry":{"coordinates":[[[-86.25809852247885,12.108142440905567],[-86.2580969226893,12.107988163974468],[-86.25789818890429,12.107980467957091],[-86.25790521685215,12.108144373675415],[-86.25809852247885,12.108142440905567]]],"type":"Polygon"}},{"type":"Feature","properties":{"Baños Jaguarcito/Jaguarcito Bathrooms":"Jaguarcito","stroke":"#279eb3","stroke-width":2,"stroke-opacity":1,"fill":"#19e1de","fill-opacity":0.5},"geometry":{"coordinates":[[[-86.25851463127039,12.108112640906256],[-86.25851611987787,12.1079537357204],[-86.25829481840445,12.10795716113789],[-86.2582997002935,12.10811650442119],[-86.25851463127039,12.108112640906256]]],"type":"Polygon"}},{"type":"Feature","properties":{"Cancha De Futboll":"C.D.F","stroke":"#487f39","stroke-width":2,"stroke-opacity":1,"fill":"#59a942","fill-opacity":0.5},"geometry":{"coordinates":[[[-86.258878470848,12.108732465198273],[-86.25885890149875,12.1081948288559],[-86.25791152471233,12.108235300827744],[-86.25792791494293,12.108753986030507],[-86.258878470848,12.108732465198273]]],"type":"Polygon"}},{"type":"Feature","properties":{"Cancha Futboll":"C.D.F","marker-color":"#ff0000","marker-size":"medium","marker-symbol":"circle"},"geometry":{"coordinates":[-86.25838043496789,12.108477177740639],"type":"Point"}},{"type":"Feature","properties":{"Cabinas Transmisoras/Transmitter Booths":""},"geometry":{"coordinates":[[[-86.25861281168021,12.106969913719698],[-86.25861866395059,12.106969632610761],[-86.25862445986036,12.10696879199119],[-86.25863014359172,12.106967399956606],[-86.2586356604072,12.10696546991308],[-86.25864095717681,12.106963020447997],[-86.25864598288973,12.106960075151058],[-86.25865068914563,12.106956662387095],[-86.25865503062063,12.106952815022913],[-86.25865896550397,12.106948570110744],[-86.25866245590055,12.106943968531438],[-86.258665468196,12.106939054600728],[-86.25866797338027,12.106933875642476],[-86.25866994732706,12.106928481532892],[-86.25867137102625,12.106922924220212],[-86.25867223076685,12.106917257224405],[-86.25867251826912,12.106911535121741],[-86.25867223076429,12.1069058130192],[-86.25867137102124,12.106900146023754],[-86.2586699473198,12.106894588711663],[-86.25866797337103,12.106889194602871],[-86.25866546818517,12.106884015645587],[-86.2586624558885,12.106879101715982],[-86.25865896549118,12.106874500137874],[-86.25865503060758,12.106870255226951],[-86.25865068913282,12.10686640786401],[-86.25864598287768,12.106862995101245],[-86.25864095716595,12.106860049805407],[-86.25863566039797,12.10685760034129],[-86.25863014358448,12.106855670298561],[-86.25862445985537,12.106854278264565],[-86.25861866394804,12.106853437645357],[-86.25861281168021,12.106853156536545],[-86.25860695941239,12.106853437645357],[-86.25860116350505,12.106854278264565],[-86.25859547977593,12.106855670298561],[-86.25858996296246,12.10685760034129],[-86.25858466619447,12.106860049805407],[-86.25857964048274,12.106862995101245],[-86.2585749342276,12.10686640786401],[-86.25857059275286,12.106870255226951],[-86.25856665786927,12.106874500137874],[-86.25856316747193,12.106879101715982],[-86.25856015517527,12.106884015645587],[-86.25855764998938,12.106889194602871],[-86.25855567604061,12.106894588711663],[-86.25855425233918,12.106900146023754],[-86.25855339259614,12.1069058130192],[-86.25855310509132,12.106911535121741],[-86.25855339259357,12.106917257224405],[-86.25855425233418,12.106922924220212],[-86.25855567603335,12.106928481532892],[-86.25855764998015,12.106933875642476],[-86.25856015516442,12.106939054600728],[-86.25856316745987,12.106943968531438],[-86.25856665785646,12.106948570110744],[-86.25857059273979,12.106952815022913],[-86.2585749342148,12.106956662387095],[-86.25857964047069,12.106960075151058],[-86.25858466618361,12.106963020447997],[-86.25858996295322,12.10696546991308],[-86.2585954797687,12.106967399956606],[-86.25860116350006,12.10696879199119],[-86.25860695940983,12.106969632610761],[-86.25861281168021,12.106969913719698]]],"type":"Polygon"}},{"type":"Feature","properties":{"El Jaguarcito":""},"geometry":{"coordinates":[[[-86.25806961647004,12.108089802239855],[-86.25807221165489,12.108089677582846],[-86.25807478184669,12.108089304812342],[-86.25807730229309,12.108088687518324],[-86.25807974872077,12.108087831645676],[-86.25808209756931,12.108086745436918],[-86.25808432621803,12.10808543935284],[-86.25808641320378,12.108083925971743],[-86.2580883384278,12.108082219868324],[-86.25809008334905,12.108080337473295],[-86.25809163116307,12.108078296915147],[-86.2580929669635,12.10807611784558],[-86.2580940778859,12.108073821250223],[-86.25809495323145,12.108071429246552],[-86.25809558457013,12.10806896487087],[-86.2580959658218,12.10806645185646],[-86.25809609331479,12.108063914405035],[-86.25809596582128,12.108061376953634],[-86.25809558456915,12.108058863939297],[-86.25809495323001,12.10805639956373],[-86.25809407788407,12.108054007560215],[-86.25809296696137,12.108051710965047],[-86.25809163116068,12.108049531895697],[-86.25809008334653,12.108047491337786],[-86.25808833842522,12.108045608942998],[-86.25808641320127,12.108043902839825],[-86.25808432621567,12.108042389458964],[-86.2580820975672,12.108041083375102],[-86.25807974871896,12.108039997166534],[-86.25807730229168,12.108039141294041],[-86.2580747818457,12.10803852400014],[-86.25807221165441,12.108038151229708],[-86.25806961647004,12.108038026572725],[-86.25806702128568,12.108038151229708],[-86.25806445109437,12.10803852400014],[-86.25806193064844,12.108039141294041],[-86.25805948422114,12.108039997166534],[-86.25805713537291,12.108041083375102],[-86.25805490672444,12.108042389458964],[-86.25805281973882,12.108043902839825],[-86.25805089451488,12.108045608942998],[-86.25804914959356,12.108047491337786],[-86.25804760177941,12.108049531895697],[-86.25804626597873,12.108051710965047],[-86.25804515505602,12.108054007560215],[-86.25804427971006,12.10805639956373],[-86.25804364837094,12.108058863939297],[-86.25804326711881,12.108061376953634],[-86.25804313962531,12.108063914405035],[-86.2580432671183,12.10806645185646],[-86.25804364836996,12.10806896487087],[-86.25804427970864,12.108071429246552],[-86.25804515505419,12.108073821250223],[-86.25804626597659,12.10807611784558],[-86.25804760177702,12.108078296915147],[-86.25804914959105,12.108080337473295],[-86.2580508945123,12.108082219868324],[-86.2580528197363,12.108083925971743],[-86.25805490672207,12.10808543935284],[-86.25805713537076,12.108086745436918],[-86.25805948421932,12.108087831645676],[-86.258061930647,12.108088687518324],[-86.2580644510934,12.108089304812342],[-86.2580670212852,12.108089677582846],[-86.25806961647004,12.108089802239855]]],"type":"Polygon"}},{"type":"Feature","properties":{"Baños del Jaguarcito/Jaguarcito Bathrooms":""},"geometry":{"coordinates":[[[-86.25829197568063,12.108064439673576],[-86.25829414607142,12.108064335421105],[-86.25829629556016,12.108064023667689],[-86.25829840344609,12.108063507415697],[-86.25830044942913,12.108062791636907],[-86.25830241380528,12.108061883224671],[-86.25830427765659,12.108060790927494],[-86.25830602303311,12.108059525264796],[-86.25830763312592,12.108058098425605],[-86.25830909242897,12.108056524151161],[-86.25831038688833,12.108054817602595],[-86.25831150403768,12.1080529952149],[-86.25831243311825,12.108051074538674],[-86.2583131651825,12.108049074071074],[-86.25831369318024,12.108047013077705],[-86.25831401202659,12.108044911407054],[-86.25831411865086,12.108042789299367],[-86.25831401202622,12.108040667191695],[-86.25831369317955,12.108038565521094],[-86.2583131651815,12.108036504527805],[-86.25831243311698,12.108034504060315],[-86.25831150403617,12.108032583384222],[-86.25831038688666,12.10803076099668],[-86.25830909242721,12.108029054448277],[-86.25830763312413,12.108027480174005],[-86.25830602303137,12.108026053334983],[-86.25830427765494,12.108024787672452],[-86.2583024138038,12.108023695375424],[-86.25830044942784,12.108022786963323],[-86.2582984034451,12.108022071184642],[-86.25829629555948,12.108021554932728],[-86.25829414607108,12.108021243179365],[-86.25829197568063,12.10802113892691],[-86.2582898052902,12.108021243179365],[-86.2582876558018,12.108021554932728],[-86.25828554791616,12.108022071184642],[-86.25828350193342,12.108022786963323],[-86.25828153755747,12.108023695375424],[-86.25827967370633,12.108024787672452],[-86.2582779283299,12.108026053334983],[-86.25827631823712,12.108027480174005],[-86.25827485893406,12.108029054448277],[-86.2582735644746,12.10803076099668],[-86.25827244732508,12.108032583384222],[-86.25827151824429,12.108034504060315],[-86.25827078617976,12.108036504527805],[-86.25827025818171,12.108038565521094],[-86.25826993933504,12.108040667191695],[-86.25826983271041,12.108042789299367],[-86.25826993933468,12.108044911407054],[-86.25827025818103,12.108047013077705],[-86.25827078617877,12.108049074071074],[-86.25827151824302,12.108051074538674],[-86.25827244732359,12.1080529952149],[-86.25827356447293,12.108054817602595],[-86.2582748589323,12.108056524151161],[-86.25827631823533,12.108058098425605],[-86.25827792832814,12.108059525264796],[-86.25827967370468,12.108060790927494],[-86.25828153755597,12.108061883224671],[-86.25828350193214,12.108062791636907],[-86.25828554791516,12.108063507415697],[-86.2582876558011,12.108064023667689],[-86.25828980528983,12.108064335421105],[-86.25829197568063,12.108064439673576]]],"type":"Polygon"}},{"type":"Feature","properties":{"Zona de Entrenamiento de Besiball/ Beisball Training Camp":""},"geometry":{"coordinates":[[[-86.25867283423875,12.107976261114416],[-86.25867463471842,12.10790760448856],[-86.258472981021,12.107909364915812],[-86.258472981021,12.107978021540148],[-86.25867283423875,12.107976261114416]]],"type":"Polygon"}},{"type":"Feature","properties":{"Zona de Entrenamiento de Besiball/ Beisball Training Camp":""},"geometry":{"coordinates":[[[-86.25846938006221,12.107950532247818],[-86.25847147747761,12.1079504315006],[-86.25847355469375,12.107950130229193],[-86.25847559170592,12.107949631335007],[-86.25847756889652,12.107948939622668],[-86.25847946722418,12.107948061753746],[-86.25848126840691,12.107947006182597],[-86.25848295509837,12.107945783074957],[-86.25848451105479,12.107944404210013],[-86.25848592129145,12.107942882867],[-86.25848717222703,12.10794123369728],[-86.25848825181428,12.107939472583263],[-86.25848914965626,12.107937616485442],[-86.2584898571062,12.107935683279056],[-86.25849036735099,12.107933691581938],[-86.25849067547671,12.107931660575222],[-86.25849077851596,12.107929609818616],[-86.2584906754764,12.107927559062023],[-86.25849036735035,12.107925528055357],[-86.25848985710525,12.107923536358314],[-86.25848914965506,12.107921603152027],[-86.25848825181289,12.10791974705433],[-86.25848717222547,12.107917985940455],[-86.25848592128983,12.107916336770893],[-86.25848451105313,12.107914815428039],[-86.25848295509674,12.107913436563257],[-86.25848126840538,12.107912213455768],[-86.25847946722278,12.107911157884761],[-86.25847756889534,12.107910280015963],[-86.25847559170498,12.107909588303725],[-86.25847355469313,12.107909089409617],[-86.25847147747729,12.107908788138257],[-86.25846938006221,12.107908687391054],[-86.25846728264713,12.107908788138257],[-86.25846520543129,12.107909089409617],[-86.25846316841942,12.107909588303725],[-86.25846119122906,12.107910280015963],[-86.25845929290163,12.107911157884761],[-86.25845749171904,12.107912213455768],[-86.25845580502768,12.107913436563257],[-86.2584542490713,12.107914815428039],[-86.2584528388346,12.107916336770893],[-86.25845158789893,12.107917985940455],[-86.25845050831153,12.10791974705433],[-86.25844961046937,12.107921603152027],[-86.25844890301916,12.107923536358314],[-86.25844839277406,12.107925528055357],[-86.25844808464801,12.107927559062023],[-86.25844798160846,12.107929609818616],[-86.2584480846477,12.107931660575222],[-86.25844839277343,12.107933691581938],[-86.25844890301822,12.107935683279056],[-86.25844961046815,12.107937616485442],[-86.25845050831012,12.107939472583263],[-86.2584515878974,12.10794123369728],[-86.25845283883295,12.107942882867],[-86.25845424906962,12.107944404210013],[-86.25845580502603,12.107945783074957],[-86.25845749171751,12.107947006182597],[-86.25845929290024,12.107948061753746],[-86.25846119122788,12.107948939622668],[-86.25846316841849,12.107949631335007],[-86.25846520543065,12.107950130229193],[-86.2584672826468,12.1079504315006],[-86.25846938006221,12.107950532247818]]],"type":"Polygon"}},{"type":"Feature","properties":{"Kiosokos Chilamate":"Chilamate"},"geometry":{"coordinates":[[[-86.25656523120378,12.107991456517265],[-86.25656644499136,12.10799139821423],[-86.25656764708951,12.107991223866613],[-86.25656882592133,12.10799093515348],[-86.25656997013408,12.107990534855293],[-86.25657106870833,12.107990026827144],[-86.2565721110642,12.107989415961622],[-86.25657308716325,12.1079887081417],[-86.25657398760512,12.10798791018407],[-86.25657480371802,12.107987029773499],[-86.25657552764241,12.10798607538882],[-86.25657615240644,12.107985056221288],[-86.2565766719933,12.107983982086036],[-86.25657708139912,12.107982863327585],[-86.25657737668107,12.10798171072018],[-86.2565775549954,12.107980535364064],[-86.25657761462492,12.107979348578562],[-86.2565775549953,12.107978161793065],[-86.25657737668084,12.107976986436965],[-86.2565770813988,12.107975833829585],[-86.2565766719929,12.107974715071164],[-86.25657615240597,12.107973640935956],[-86.25657552764189,12.107972621768472],[-86.25657480371748,12.107971667383847],[-86.25657398760455,12.107970786973329],[-86.25657308716269,12.107969989015752],[-86.25657211106368,12.10796928119588],[-86.25657106870786,12.107968670330408],[-86.25656997013368,12.1079681623023],[-86.25656882592102,12.107967762004147],[-86.2565676470893,12.107967473291037],[-86.25656644499126,12.107967298943437],[-86.25656523120378,12.107967240640406],[-86.25656401741631,12.107967298943437],[-86.25656281531828,12.107967473291037],[-86.25656163648652,12.107967762004147],[-86.25656049227389,12.1079681623023],[-86.2565593936997,12.107968670330408],[-86.25655835134387,12.10796928119588],[-86.25655737524485,12.107969989015752],[-86.256556474803,12.107970786973329],[-86.25655565869008,12.107971667383847],[-86.25655493476569,12.107972621768472],[-86.2565543100016,12.107973640935956],[-86.25655379041466,12.107974715071164],[-86.25655338100877,12.107975833829585],[-86.25655308572672,12.107976986436965],[-86.25655290741227,12.107978161793065],[-86.25655284778266,12.107979348578562],[-86.25655290741216,12.107980535364064],[-86.25655308572651,12.10798171072018],[-86.25655338100846,12.107982863327585],[-86.25655379041426,12.107983982086036],[-86.25655431000112,12.107985056221288],[-86.25655493476516,12.10798607538882],[-86.25655565868952,12.107987029773499],[-86.25655647480245,12.10798791018407],[-86.2565573752443,12.1079887081417],[-86.25655835134336,12.107989415961622],[-86.25655939369923,12.107990026827144],[-86.25656049227348,12.107990534855293],[-86.25656163648624,12.10799093515348],[-86.25656281531806,12.107991223866613],[-86.2565640174162,12.10799139821423],[-86.25656523120378,12.107991456517265]]],"type":"Polygon"}},{"type":"Feature","properties":{"Edificio C":"","stroke":"#2f2272","stroke-width":2,"stroke-opacity":1,"fill":"#6620bc","fill-opacity":0.5},"geometry":{"coordinates":[[[-86.25737174719875,12.108426463531245],[-86.2573725596888,12.108325971368103],[-86.25735095517766,12.108326324392891],[-86.25735149167069,12.108289044885055],[-86.25726111106411,12.108292865053187],[-86.25726212030929,12.108316971608218],[-86.25681257506376,12.108323819912954],[-86.25681439416734,12.108301792445772],[-86.25672710332,12.108300699354416],[-86.256724358834,12.108322245808225],[-86.25668403229562,12.108323086904647],[-86.25668356867286,12.108379933133023],[-86.2566847414923,12.108433405988805],[-86.25737174719875,12.108426463531245]]],"type":"Polygon"}},{"type":"Feature","properties":{"stroke":"#c5d20f","stroke-width":2,"stroke-opacity":1,"fill":"#efff0a","fill-opacity":0.5},"geometry":{"coordinates":[[[-86.25576768975101,12.108108751861337],[-86.25576620064996,12.107985964735164],[-86.25566593453728,12.107988391358305],[-86.2556674236383,12.108109237185715],[-86.25576768975101,12.108108751861337]]],"type":"Polygon"}},{"type":"Feature","properties":{"Acopio":""},"geometry":{"coordinates":[[[-86.25579697539686,12.10805688030321],[-86.25579941385158,12.108056763174567],[-86.2558018288226,12.108056412916646],[-86.25580419705248,12.108055832902624],[-86.25580649573386,12.108055028718354],[-86.25580870272915,12.108054008108576],[-86.2558107967838,12.10805278090232],[-86.25581275773091,12.108051358918253],[-86.2558145666855,12.108049755850864],[-86.25581620622631,12.108047987138576],[-86.25581766056368,12.108046069815053],[-86.25581891569158,12.10804402234517],[-86.25581995952241,12.10804186444719],[-86.25582078200352,12.108039616902847],[-86.25582137521398,12.108037301357227],[-86.25582173344084,12.108034940110304],[-86.25582185323421,12.10803255590217],[-86.25582173344041,12.108030171694061],[-86.2558213752131,12.108027810447197],[-86.25582078200226,12.10802549490168],[-86.25581995952079,12.108023247357478],[-86.2558189156897,12.108021089459664],[-86.25581766056158,12.108019041989975],[-86.25581620622408,12.10801712466666],[-86.25581456668323,12.108015355954585],[-86.2558127577287,12.108013752887413],[-86.25581079678172,12.108012330903556],[-86.25580870272728,12.10801110369749],[-86.25580649573224,12.10801008308788],[-86.25580419705123,12.108009278903749],[-86.25580182882173,12.10800869888983],[-86.25579941385112,12.108008348631971],[-86.25579697539686,12.108008231503346],[-86.25579453694262,12.108008348631971],[-86.25579212197201,12.10800869888983],[-86.2557897537425,12.108009278903749],[-86.2557874550615,12.10801008308788],[-86.25578524806646,12.10801110369749],[-86.25578315401202,12.108012330903556],[-86.25578119306503,12.108013752887413],[-86.25577938411051,12.108015355954585],[-86.25577774456966,12.10801712466666],[-86.25577629023213,12.108019041989975],[-86.25577503510404,12.108021089459664],[-86.25577399127295,12.108023247357478],[-86.25577316879148,12.10802549490168],[-86.25577257558061,12.108027810447197],[-86.25577221735333,12.108030171694061],[-86.25577209755953,12.10803255590217],[-86.25577221735287,12.108034940110304],[-86.25577257557974,12.108037301357227],[-86.25577316879021,12.108039616902847],[-86.25577399127133,12.10804186444719],[-86.25577503510216,12.10804402234517],[-86.25577629023005,12.108046069815053],[-86.25577774456742,12.108047987138576],[-86.25577938410824,12.108049755850864],[-86.25578119306283,12.108051358918253],[-86.25578315400993,12.10805278090232],[-86.25578524806458,12.108054008108576],[-86.25578745505987,12.108055028718354],[-86.25578975374124,12.108055832902624],[-86.25579212197114,12.108056412916646],[-86.25579453694216,12.108056763174567],[-86.25579697539686,12.10805688030321]]],"type":"Polygon"}},{"type":"Feature","properties":{"marker-color":"#ff0000","marker-size":"medium","marker-symbol":"circle"},"geometry":{"coordinates":[-86.25579747176431,12.108032555904515],"type":"Point"}},{"type":"Feature","properties":{"El chilamatito":"Chilamate"},"geometry":{"coordinates":[[[-86.25657210520988,12.107846432320649],[-86.25657432169105,12.107846325854211],[-86.25657651682627,12.107846007480228],[-86.25657866947522,12.107845480264816],[-86.25658075890668,12.107844749285347],[-86.2565827649983,12.107843821581557],[-86.2565846684303,12.107842706087744],[-86.2565864508716,12.107841413546721],[-86.2565880951563,12.107839956406371],[-86.25658958544906,12.107838348699751],[-86.25659090739754,12.107836605909963],[-86.25659204827063,12.10783474482102],[-86.25659299708114,12.107832783356235],[-86.25659374469147,12.107830740405586],[-86.25659428390176,12.107828635643804],[-86.25659460951911,12.107826489340898],[-86.25659471840765,12.107824322166941],[-86.25659460951874,12.107822154993],[-86.25659428390104,12.107820008690148],[-86.25659374469043,12.107817903928451],[-86.2565929970798,12.107815860977915],[-86.25659204826907,12.107813899513268],[-86.2565909073958,12.107812038424482],[-86.25658958544722,12.107810295634867],[-86.25658809515444,12.107808687928427],[-86.25658645086978,12.107807230788252],[-86.25658466842859,12.107805938247402],[-86.25658276499674,12.107804822753748],[-86.25658075890536,12.107803895050095],[-86.25657866947418,12.107803164070742],[-86.25657651682555,12.107802636855416],[-86.25657432169066,12.107802318481482],[-86.25657210520988,12.107802212015065],[-86.25656988872908,12.107802318481482],[-86.2565676935942,12.107802636855416],[-86.25656554094559,12.107803164070742],[-86.2565634515144,12.107803895050095],[-86.25656144542302,12.107804822753748],[-86.25655954199118,12.107805938247402],[-86.25655775954999,12.107807230788252],[-86.25655611526531,12.107808687928427],[-86.25655462497252,12.107810295634867],[-86.25655330302395,12.107812038424482],[-86.25655216215068,12.107813899513268],[-86.25655121333995,12.107815860977915],[-86.25655046572932,12.107817903928451],[-86.2565499265187,12.107820008690148],[-86.256549600901,12.107822154993],[-86.25654949201208,12.107824322166941],[-86.25654960090064,12.107826489340898],[-86.256549926518,12.107828635643804],[-86.25655046572828,12.107830740405586],[-86.25655121333862,12.107832783356235],[-86.2565521621491,12.10783474482102],[-86.25655330302223,12.107836605909963],[-86.2565546249707,12.107838348699751],[-86.25655611526345,12.107839956406371],[-86.25655775954814,12.107841413546721],[-86.25655954198945,12.107842706087744],[-86.25656144542145,12.107843821581557],[-86.25656345151309,12.107844749285347],[-86.25656554094455,12.107845480264816],[-86.25656769359348,12.107846007480228],[-86.25656988872872,12.107846325854211],[-86.25657210520988,12.107846432320649]]],"type":"Polygon"}},{"type":"Feature","properties":{"Edificio P":"Ed.P","stroke":"#9d1b92","stroke-width":2,"stroke-opacity":1,"fill":"#fd08c7","fill-opacity":0.5},"geometry":{"coordinates":[[[-86.2574389621081,12.107468070342264],[-86.25744040117702,12.10733030938431],[-86.25670314250794,12.107325571667843],[-86.25670175270308,12.10746171010399],[-86.2574389621081,12.107468070342264]]],"type":"Polygon"}},{"type":"Feature","properties":{"marker-color":"#ff0000","marker-size":"medium","marker-symbol":"circle"},"geometry":{"coordinates":[-86.25705246312862,12.107422221153954],"type":"Point"}},{"type":"Feature","properties":{"Edificio P":"Ed.P"},"geometry":{"coordinates":[[[-86.25705254448498,12.107442598124027],[-86.25705444351532,12.107442506905864],[-86.25705632425696,12.107442234129852],[-86.25705816859734,12.107441782422983],[-86.2570599587744,12.107441156135431],[-86.25706167754781,12.107440361298694],[-86.25706330836482,12.107439405567487],[-86.25706483551976,12.107438298146022],[-86.25706624430528,12.10743704969938],[-86.25706752115403,12.107435672250778],[-86.25706865376925,12.107434179065807],[-86.25706963124325,12.107432584524657],[-86.25707044416241,12.107430903983635],[-86.25707108469786,12.107429153627264],[-86.25707154668092,12.107427350312436],[-86.25707182566246,12.107425511406063],[-86.25707191895569,12.107423654617815],[-86.2570718256622,12.10742179782958],[-86.25707154668041,12.107419958923243],[-86.2570710846971,12.10741815560848],[-86.25707044416143,12.107416405252192],[-86.25706963124212,12.107414724711267],[-86.25706865376799,12.107413130170233],[-86.25706752115269,12.107411636985391],[-86.2570662443039,12.107410259536922],[-86.2570648355184,12.10740901109041],[-86.25706330836354,12.10740790366907],[-86.25706167754667,12.10740694793798],[-86.25705995877345,12.107406153101342],[-86.25705816859657,12.107405526813878],[-86.25705632425644,12.107405075107065],[-86.25705444351505,12.107404802331095],[-86.25705254448498,12.107404711112943],[-86.25705064545488,12.107404802331095],[-86.25704876471352,12.107405075107065],[-86.25704692037337,12.107405526813878],[-86.2570451301965,12.107406153101342],[-86.25704341142325,12.10740694793798],[-86.2570417806064,12.10740790366907],[-86.25704025345154,12.10740901109041],[-86.25703884466603,12.107410259536922],[-86.25703756781726,12.107411636985391],[-86.25703643520194,12.107413130170233],[-86.25703545772784,12.107414724711267],[-86.25703464480853,12.107416405252192],[-86.25703400427284,12.10741815560848],[-86.25703354228953,12.107419958923243],[-86.25703326330776,12.10742179782958],[-86.25703317001425,12.107423654617815],[-86.25703326330749,12.107425511406063],[-86.25703354228902,12.107427350312436],[-86.25703400427207,12.107429153627264],[-86.25703464480753,12.107430903983635],[-86.25703545772669,12.107432584524657],[-86.25703643520067,12.107434179065807],[-86.2570375678159,12.107435672250778],[-86.25703884466465,12.10743704969938],[-86.25704025345019,12.107438298146022],[-86.25704178060512,12.107439405567487],[-86.25704341142213,12.107440361298694],[-86.25704513019554,12.107441156135431],[-86.2570469203726,12.107441782422983],[-86.25704876471296,12.107442234129852],[-86.25705064545461,12.107442506905864],[-86.25705254448498,12.107442598124027]]],"type":"Polygon"}},{"type":"Feature","properties":{"Baños Ed.P":"Ed.P"},"geometry":{"coordinates":[[[-86.25734198672512,12.107446961902268],[-86.25734414826141,12.107446858074876],[-86.25734628898093,12.107446547592625],[-86.25734838826735,12.107446033445623],[-86.25735042590341,12.107445320585388],[-86.25735238226555,12.10744441587716],[-86.25735423851293,12.107443328033774],[-86.25735597676888,12.107442067531757],[-86.25735758029303,12.107440646510433],[-86.25735903364257,12.107439078655018],[-86.25736032282096,12.107437379064823],[-86.25736143541269,12.10743556410783],[-86.25736236070291,12.107433651263067],[-86.25736308978058,12.107431658952281],[-86.25736361562426,12.107429606362512],[-86.25736393316981,12.107427513261324],[-86.25736403935909,12.107425399806427],[-86.25736393316946,12.10742328635155],[-86.25736361562358,12.107421193250412],[-86.25736308977959,12.107419140660724],[-86.25736236070166,12.107417148350047],[-86.25736143541121,12.107415235505414],[-86.25736032281934,12.107413420548573],[-86.25735903364084,12.10741172095854],[-86.25735758029126,12.107410153103297],[-86.25735597676713,12.107408732082142],[-86.25735423851128,12.107407471580286],[-86.25735238226407,12.10740638373705],[-86.25735042590216,12.107405479028955],[-86.25734838826635,12.107404766168829],[-86.25734628898023,12.107404252021906],[-86.25734414826104,12.107403941539705],[-86.25734198672512,12.107403837712331],[-86.25733982518918,12.107403941539705],[-86.25733768446999,12.107404252021906],[-86.25733558518387,12.107404766168829],[-86.25733354754807,12.107405479028955],[-86.25733159118616,12.10740638373705],[-86.25732973493893,12.107407471580286],[-86.25732799668309,12.107408732082142],[-86.25732639315898,12.107410153103297],[-86.25732493980941,12.10741172095854],[-86.25732365063091,12.107413420548573],[-86.257322538039,12.107415235505414],[-86.25732161274857,12.107417148350047],[-86.25732088367066,12.107419140660724],[-86.25732035782666,12.107421193250412],[-86.25732004028077,12.10742328635155],[-86.25731993409114,12.107425399806427],[-86.25732004028042,12.107427513261324],[-86.25732035782599,12.107429606362512],[-86.25732088366966,12.107431658952281],[-86.2573216127473,12.107433651263067],[-86.25732253803754,12.10743556410783],[-86.25732365062927,12.107437379064823],[-86.25732493980766,12.107439078655018],[-86.2573263931572,12.107440646510433],[-86.25732799668134,12.107442067531757],[-86.2573297349373,12.107443328033774],[-86.25733159118467,12.10744441587716],[-86.2573335475468,12.107445320585388],[-86.25733558518289,12.107446033445623],[-86.25733768446929,12.107446547592625],[-86.25733982518882,12.107446858074876],[-86.25734198672512,12.107446961902268]]],"type":"Polygon"}},{"type":"Feature","properties":{"Estacion Meteorologica":"E.M","stroke":"#467dec","stroke-width":2,"stroke-opacity":1,"fill":"#6ca4fe","fill-opacity":0.5},"geometry":{"coordinates":[[[-86.25656088951786,12.107555653386996],[-86.25656010983263,12.107498859737703],[-86.2565062511644,12.107496464895604],[-86.25650691927684,12.107555653386996],[-86.25656088951786,12.107555653386996]]],"type":"Polygon"}},{"type":"Feature","properties":{"Parqueo Del P":"Park 5","marker-color":"#ff0000","marker-size":"medium","marker-symbol":"circle"},"geometry":{"coordinates":[-86.25694420471447,12.107139280376401],"type":"Point"}},{"type":"Feature","properties":{"stroke":"#5e1f9e","stroke-width":2,"stroke-opacity":1,"fill":"#b272d5","fill-opacity":0.5},"geometry":{"coordinates":[[[-86.2567313167266,12.107726507409964],[-86.256732784308,12.107890089964954],[-86.2568311122707,12.107890089964954],[-86.2568311122707,12.107908744110006],[-86.25688247762481,12.107910179043571],[-86.25688541278758,12.107983360675362],[-86.25693237539663,12.1079819257413],[-86.25709380936553,12.107980490808103],[-86.25709087420275,12.107908744110006],[-86.2571070175994,12.10790587424107],[-86.2571070175994,12.108109634815762],[-86.25733155757442,12.108105330016485],[-86.25732421966656,12.108043627886474],[-86.2572699191501,12.108040758018987],[-86.25726111366086,12.10773081221538],[-86.2567313167266,12.107726507409964]]],"type":"Polygon"}},{"type":"Feature","properties":{"Edificio N":"Ed.N","marker-color":"#ff0f0f","marker-size":"medium","marker-symbol":"circle"},"geometry":{"coordinates":[-86.25690072377911,12.107847455237973],"type":"Point"}},{"type":"Feature","properties":{"marker-color":"#ff0000","marker-size":"medium","marker-symbol":"circle"},"geometry":{"coordinates":[-86.25691237140694,12.1080234618925],"type":"Point"}},{"type":"Feature","properties":{"marker-color":"#eb0000","marker-size":"medium","marker-symbol":"circle"},"geometry":{"coordinates":[-86.25676577411335,12.108025902734042],"type":"Point"}},{"type":"Feature","properties":{"Edificio D":"Ed.D","stroke":"#924545","stroke-width":2,"stroke-opacity":1,"fill":"#dc5050","fill-opacity":0.5},"geometry":{"coordinates":[[[-86.25696654166182,12.108058838184476],[-86.25696582393569,12.107977459474213],[-86.2568421357581,12.107978765289715],[-86.25684513588028,12.10808211108133],[-86.25692671907389,12.108081291535498],[-86.25692665140224,12.10806033420208],[-86.25696654166182,12.108058838184476]]],"type":"Polygon"}},{"type":"Feature","properties":{"Edificio J":"Ed.J","stroke":"#652f2f","stroke-width":2,"stroke-opacity":1,"fill":"#af4646","fill-opacity":0.5},"geometry":{"coordinates":[[[-86.25683913436389,12.108065312514427],[-86.25683634500723,12.107977894745716],[-86.25667631618367,12.107975028763462],[-86.25667836684792,12.108063064164867],[-86.25683913436389,12.108065312514427]]],"type":"Polygon"}},{"type":"Feature","properties":{"Kioskos Chilamate":"Chilamate","stroke":"#1f8426","stroke-width":2,"stroke-opacity":1,"fill":"#0fb842","fill-opacity":0.5},"geometry":{"coordinates":[[[-86.25666455266683,12.10801568279605],[-86.25665659483654,12.107690133864239],[-86.25647177168818,12.10769636432488],[-86.25647398960419,12.108026600483214],[-86.25666455266683,12.10801568279605]]],"type":"Polygon"}},{"type":"Feature","properties":{"Baños Edificio Odontologïa/ Dentistry Bathrooms":""},"geometry":{"coordinates":[[[-86.2567854572637,12.10773772159488],[-86.25678670431469,12.107737661694006],[-86.25678793935592,12.107737482568263],[-86.2567891504932,12.107737185942732],[-86.25679032606267,12.107736774674075],[-86.25679145474295,12.107736252723036],[-86.25679252566421,12.10773562511629],[-86.25679352851292,12.107734897898032],[-86.25679445363106,12.107734078071777],[-86.25679529210923,12.107733173532896],[-86.2567960358725,12.107732192992595],[-86.25679667775796,12.107731145894016],[-86.25679721158392,12.107730042321291],[-86.25679763220933,12.107728892902424],[-86.25679793558338,12.107727708706957],[-86.25679811878436,12.107726501139329],[-86.256798180048,12.107725281829085],[-86.25679811878426,12.107724062518848],[-86.25679793558315,12.10772285495124],[-86.25679763220903,12.107721670755796],[-86.25679721158349,12.107720521336965],[-86.25679667775746,12.107719417764283],[-86.25679603587196,12.107718370665754],[-86.25679529210868,12.10771739012551],[-86.25679445363046,12.107716485586685],[-86.25679352851233,12.107715665760484],[-86.25679252566367,12.107714938542284],[-86.25679145474246,12.107714310935586],[-86.25679032606226,12.107713788984594],[-86.25678915049288,12.107713377715971],[-86.25678793935568,12.107713081090466],[-86.25678670431458,12.107712901964739],[-86.2567854572637,12.107712842063869],[-86.25678421021283,12.107712901964739],[-86.25678297517173,12.107713081090466],[-86.25678176403453,12.107713377715971],[-86.25678058846515,12.107713788984594],[-86.25677945978495,12.107714310935586],[-86.25677838886375,12.107714938542284],[-86.25677738601509,12.107715665760484],[-86.25677646089696,12.107716485586685],[-86.25677562241874,12.10771739012551],[-86.25677487865546,12.107718370665754],[-86.25677423676993,12.107719417764283],[-86.25677370294392,12.107720521336965],[-86.25677328231839,12.107721670755796],[-86.25677297894427,12.10772285495124],[-86.25677279574316,12.107724062518848],[-86.25677273447941,12.107725281829085],[-86.25677279574303,12.107726501139329],[-86.25677297894403,12.107727708706957],[-86.25677328231808,12.107728892902424],[-86.25677370294348,12.107730042321291],[-86.25677423676944,12.107731145894016],[-86.2567748786549,12.107732192992595],[-86.25677562241816,12.107733173532896],[-86.25677646089636,12.107734078071777],[-86.2567773860145,12.107734897898032],[-86.25677838886321,12.10773562511629],[-86.25677945978447,12.107736252723036],[-86.25678058846474,12.107736774674075],[-86.2567817640342,12.107737185942732],[-86.2567829751715,12.107737482568263],[-86.25678421021271,12.107737661694006],[-86.2567854572637,12.10773772159488]]],"type":"Polygon"}},{"type":"Feature","properties":{"Vestidores Odontología/Dentistry Dressing Rooms":""},"geometry":{"coordinates":[[[-86.25678600990658,12.107724380013497],[-86.25678732788145,12.10772431670586],[-86.25678863316352,12.107724127392636],[-86.25678991318219,12.107723813897017],[-86.25679115561016,12.107723379238136],[-86.2567923484822,12.107722827601995],[-86.25679348031026,12.107722164301155],[-86.25679454019425,12.107721395723566],[-86.25679551792692,12.107720529271047],[-86.25679640409213,12.107719573288016],[-86.25679719015564,12.107718536981114],[-86.25679786854724,12.107717430330537],[-86.25679843273362,12.107716263993938],[-86.25679887728138,12.107715049203781],[-86.2567991979093,12.107713797659155],[-86.25679939152954,12.107712521413124],[-86.25679945627743,12.10771123275663],[-86.25679939152941,12.107709944100144],[-86.25679919790906,12.107708667854133],[-86.25679887728103,12.107707416309538],[-86.25679843273315,12.107706201519418],[-86.25679786854667,12.10770503518287],[-86.25679719015504,12.10770392853235],[-86.25679640409147,12.107702892225506],[-86.25679551792625,12.107701936242538],[-86.2567945401936,12.107701069790084],[-86.25679348030964,12.107700301212557],[-86.25679234848165,12.107699637911772],[-86.25679115560969,12.10769908627568],[-86.25678991318183,12.10769865161684],[-86.25678863316327,12.10769833812125],[-86.25678732788133,12.10769814880804],[-86.25678600990658,12.107698085500413],[-86.25678469193183,12.10769814880804],[-86.2567833866499,12.10769833812125],[-86.25678210663133,12.10769865161684],[-86.25678086420346,12.10769908627568],[-86.2567796713315,12.107699637911772],[-86.2567785395035,12.107700301212557],[-86.25677747961954,12.107701069790084],[-86.2567765018869,12.107701936242538],[-86.2567756157217,12.107702892225506],[-86.25677482965813,12.10770392853235],[-86.25677415126647,12.10770503518287],[-86.25677358708,12.107706201519418],[-86.25677314253214,12.107707416309538],[-86.25677282190411,12.107708667854133],[-86.25677262828376,12.107709944100144],[-86.25677256353573,12.10771123275663],[-86.25677262828363,12.107712521413124],[-86.25677282190387,12.107713797659155],[-86.25677314253176,12.107715049203781],[-86.25677358707954,12.107716263993938],[-86.25677415126593,12.107717430330537],[-86.25677482965752,12.107718536981114],[-86.25677561572104,12.107719573288016],[-86.25677650188625,12.107720529271047],[-86.25677747961889,12.107721395723566],[-86.25677853950289,12.107722164301155],[-86.25677967133096,12.107722827601995],[-86.256780864203,12.107723379238136],[-86.25678210663098,12.107723813897017],[-86.25678338664963,12.107724127392636],[-86.2567846919317,12.10772431670586],[-86.25678600990658,12.107724380013497]]],"type":"Polygon"}},{"type":"Feature","properties":{"Instituto de Estudios Avanzados/Institute for Advanced Studies":""},"geometry":{"coordinates":[[[-86.25688990668516,12.107728523923628],[-86.25689126089605,12.107728458875432],[-86.25689260206516,12.107728264357288],[-86.25689391727629,12.107727942242514],[-86.25689519386322,12.107727495633254],[-86.25689641953171,12.1077269288306],[-86.25689758247796,12.107726247293165],[-86.25689867150209,12.107725457584538],[-86.25689967611625,12.107724567310042],[-86.25690058664541,12.107723585043505],[-86.25690139432072,12.107722520244696],[-86.25690209136381,12.107721383168204],[-86.2569026710618,12.107720184764705],[-86.25690312783182,12.107718936575479],[-86.25690345727497,12.10771765062127],[-86.25690365621855,12.107716339286519],[-86.2569037227466,12.1077150152001],[-86.25690365621841,12.107713691113686],[-86.25690345727472,12.107712379778956],[-86.25690312783144,12.10771109382478],[-86.2569026710613,12.107709845635595],[-86.25690209136324,12.107708647232148],[-86.2569013943201,12.107707510155716],[-86.25690058664472,12.107706445356971],[-86.25689967611554,12.1077054630905],[-86.2568986715014,12.10770457281607],[-86.25689758247731,12.107703783107507],[-86.25689641953116,12.107703101570133],[-86.25689519386272,12.10770253476753],[-86.25689391727589,12.107702088158312],[-86.25689260206491,12.107701766043572],[-86.25689126089593,12.107701571525448],[-86.25688990668516,12.107701506477257],[-86.25688855247438,12.107701571525448],[-86.25688721130543,12.107701766043572],[-86.25688589609442,12.107702088158312],[-86.25688461950759,12.10770253476753],[-86.25688339383915,12.107703101570133],[-86.256882230893,12.107703783107507],[-86.2568811418689,12.10770457281607],[-86.25688013725477,12.1077054630905],[-86.25687922672559,12.107706445356971],[-86.25687841905022,12.107707510155716],[-86.25687772200708,12.107708647232148],[-86.25687714230902,12.107709845635595],[-86.25687668553887,12.10771109382478],[-86.25687635609559,12.107712379778956],[-86.2568761571519,12.107713691113686],[-86.25687609062372,12.1077150152001],[-86.25687615715175,12.107716339286519],[-86.25687635609533,12.10771765062127],[-86.25687668553849,12.107718936575479],[-86.25687714230853,12.107720184764705],[-86.2568777220065,12.107721383168204],[-86.25687841904958,12.107722520244696],[-86.25687922672489,12.107723585043505],[-86.25688013725407,12.107724567310042],[-86.25688114186822,12.107725457584538],[-86.25688223089234,12.107726247293165],[-86.25688339383859,12.1077269288306],[-86.25688461950709,12.107727495633254],[-86.25688589609402,12.107727942242514],[-86.25688721130516,12.107728264357288],[-86.25688855247425,12.107728458875432],[-86.25688990668516,12.107728523923628]]],"type":"Polygon"}},{"type":"Feature","properties":{"Caja Odontología/Dentistry Bank":"Ed.N"},"geometry":{"coordinates":[[[-86.25712163212602,12.107959589210358],[-86.25712388993308,12.10795948075889],[-86.25712612599621,12.107959156448938],[-86.25712831878093,12.107958619403783],[-86.25713044716946,12.107957874795463],[-86.25713249066432,12.10795692979497],[-86.25713442958545,12.107955793503173],[-86.25713624526006,12.107954476863187],[-86.25713792020215,12.107952992554974],[-86.25713943828116,12.10795135487324],[-86.25714078487712,12.107949579589759],[-86.2571419470216,12.107947683801482],[-86.2571429135225,12.10794568576589],[-86.25714367507189,12.107943604725156],[-86.25714422433566,12.107941460720847],[-86.25714455602409,12.107939274400893],[-86.25714466694284,12.107937066820757],[-86.25714455602372,12.107934859240638],[-86.25714422433492,12.10793267292074],[-86.25714367507082,12.107930528916516],[-86.25714291352114,12.107928447875901],[-86.25714194701999,12.107926449840452],[-86.25714078487533,12.107924554052339],[-86.25713943827924,12.107922778769035],[-86.25713792020022,12.10792114108749],[-86.25713624525815,12.107919656779464],[-86.25713442958366,12.107918340139655],[-86.25713249066268,12.10791720384802],[-86.25713044716808,12.107916258847672],[-86.25712831877983,12.107915514239469],[-86.25712612599547,12.107914977194403],[-86.25712388993269,12.107914652884505],[-86.25712163212602,12.107914544433054],[-86.25711937431933,12.107914652884505],[-86.25711713825656,12.107914977194403],[-86.25711494547218,12.107915514239469],[-86.25711281708394,12.107916258847672],[-86.25711077358933,12.10791720384802],[-86.25710883466836,12.107918340139655],[-86.25710701899388,12.107919656779464],[-86.25710534405181,12.10792114108749],[-86.25710382597278,12.107922778769035],[-86.25710247937668,12.107924554052339],[-86.25710131723204,12.107926449840452],[-86.2571003507309,12.107928447875901],[-86.25709958918121,12.107930528916516],[-86.25709903991711,12.10793267292074],[-86.25709870822833,12.107934859240638],[-86.2570985973092,12.107937066820757],[-86.25709870822794,12.107939274400893],[-86.25709903991637,12.107941460720847],[-86.25709958918014,12.107943604725156],[-86.25710035072952,12.10794568576589],[-86.25710131723042,12.107947683801482],[-86.2571024793749,12.107949579589759],[-86.25710382597086,12.10795135487324],[-86.25710534404988,12.107952992554974],[-86.25710701899197,12.107954476863187],[-86.25710883466657,12.107955793503173],[-86.25711077358771,12.10795692979497],[-86.25711281708256,12.107957874795463],[-86.2571149454711,12.107958619403783],[-86.25711713825582,12.107959156448938],[-86.25711937431895,12.10795948075889],[-86.25712163212602,12.107959589210358]]],"type":"Polygon"}},{"type":"Feature","properties":{" Servicio Externo Clínicas de Especialidades Odontologícas/External Service Dental Specialty Clinics":""},"geometry":{"coordinates":[[[-86.25718837227812,12.10810352896312],[-86.25719081377416,12.108103411688411],[-86.25719323175726,12.10810306099371],[-86.25719560294087,12.108102480256395],[-86.25719790448923,12.108101675069284],[-86.25720011423721,12.108100653186778],[-86.25720221090363,12.108099424450158],[-86.2572041742965,12.108098000692836],[-86.25720598550728,12.10809639562638],[-86.25720762709298,12.108094624708453],[-86.25720908324428,12.108092704993975],[-86.25721033993761,12.10809065497084],[-86.25721138507035,12.1080884943819],[-86.2572122085773,12.108086244034803],[-86.25721280252765,12.108083925601633],[-86.25721316120129,12.108081561410167],[-86.25721328114408,12.108079174228859],[-86.25721316120085,12.108076787047574],[-86.25721280252675,12.108074422856168],[-86.25721220857604,12.1080721044231],[-86.25721138506876,12.108069854076147],[-86.25721033993574,12.108067693487373],[-86.2572090832422,12.10806564346443],[-86.25720762709076,12.108063723750158],[-86.25720598550501,12.108061952832449],[-86.25720417429427,12.108060347766209],[-86.25720221090154,12.108058924009097],[-86.2572001142353,12.10805769527267],[-86.25719790448764,12.10805667339033],[-86.2571956029396,12.10805586820336],[-86.25719323175636,12.108055287466145],[-86.2571908137737,12.108054936771508],[-86.25718837227812,12.10805481949682],[-86.25718593078253,12.108054936771508],[-86.25718351279987,12.108055287466145],[-86.25718114161664,12.10805586820336],[-86.25717884006862,12.10805667339033],[-86.25717663032093,12.10805769527267],[-86.25717453365472,12.108058924009097],[-86.25717257026196,12.108060347766209],[-86.25717075905123,12.108061952832449],[-86.25716911746548,12.108063723750158],[-86.25716766131406,12.10806564346443],[-86.2571664046205,12.108067693487373],[-86.2571653594875,12.108069854076147],[-86.2571645359802,12.1080721044231],[-86.25716394202948,12.108074422856168],[-86.25716358335539,12.108076787047574],[-86.25716346341217,12.108079174228859],[-86.25716358335495,12.108081561410167],[-86.25716394202861,12.108083925601633],[-86.25716453597896,12.108086244034803],[-86.25716535948588,12.1080884943819],[-86.25716640461862,12.10809065497084],[-86.25716766131195,12.108092704993975],[-86.25716911746325,12.108094624708453],[-86.25717075904896,12.10809639562638],[-86.25717257025974,12.108098000692836],[-86.25717453365263,12.108099424450158],[-86.25717663031905,12.108100653186778],[-86.257178840067,12.108101675069284],[-86.25718114161538,12.108102480256395],[-86.257183512799,12.10810306099371],[-86.25718593078209,12.108103411688411],[-86.25718837227812,12.10810352896312]]],"type":"Polygon"}},{"type":"Feature","properties":{"Edificio O":"","stroke":"#a8661a","stroke-width":2,"stroke-opacity":1,"fill":"#ffae00","fill-opacity":0.5},"geometry":{"coordinates":[[[-86.25764105690213,12.107801921221053],[-86.25763838676119,12.10753427736931],[-86.25743335981379,12.107542993443118],[-86.25743783833738,12.107736329559728],[-86.25747502241957,12.107735442781191],[-86.25747524483238,12.107750881229094],[-86.25748461366365,12.107751033517019],[-86.25748564436243,12.10776658260201],[-86.25756092628201,12.107763539156863],[-86.25756127399337,12.107804751114813],[-86.25764105690213,12.107801921221053]]],"type":"Polygon"}},{"type":"Feature","properties":{"El Ranchito":"","marker-color":"#ff0000","marker-size":"medium","marker-symbol":"circle"},"geometry":{"coordinates":[-86.25737274584347,12.107943795444285],"type":"Point"}},{"type":"Feature","properties":{"El Ranchito":"Ranchito","stroke":"#6a470b","stroke-width":2,"stroke-opacity":1,"fill":"#a07437","fill-opacity":0.5},"geometry":{"coordinates":[[[-86.25742096610887,12.107977679206485],[-86.25742194183351,12.107901917204316],[-86.2573191752425,12.107899220596963],[-86.2573206121815,12.107976321947262],[-86.25742096610887,12.107977679206485]]],"type":"Polygon"}},{"type":"Feature","properties":{" Área de Exhibición/Exhibition Area":""},"geometry":{"coordinates":[[[-86.25741925423026,12.10759391053374],[-86.25742078811588,12.107593836855006],[-86.25742230722936,12.107593616528362],[-86.25742379694078,12.107593251675683],[-86.25742524290344,12.107592745810697],[-86.25742663119183,12.10759210380516],[-86.25742794843607,12.107591331841936],[-86.25742918195036,12.107590437355459],[-86.25743031985525,12.107589428960118],[-86.25743135119211,12.107588316367316],[-86.2574322660286,12.107587110291933],[-86.25743305555436,12.10758582234913],[-86.25743371216579,12.107584464942505],[-86.25743422953941,12.107583051144626],[-86.2574346026926,12.107581594571142],[-86.25743482803169,12.10758010924965],[-86.25743490338657,12.107578609484607],[-86.25743482803152,12.107577109719575],[-86.25743460269224,12.107575624398107],[-86.2574342295389,12.107574167824666],[-86.25743371216517,12.107572754026839],[-86.2574330555536,12.107571396620282],[-86.25743226602778,12.107570108677555],[-86.25743135119124,12.107568902602255],[-86.25743031985435,12.107567790009538],[-86.25742918194949,12.107566781614285],[-86.25742794843525,12.107565887127887],[-86.25742663119111,12.10756511516474],[-86.25742524290278,12.10756447315927],[-86.2574237969403,12.107563967294338],[-86.25742230722902,12.107563602441697],[-86.25742078811571,12.107563382115082],[-86.25741925423026,12.107563308436353],[-86.25741772034479,12.107563382115082],[-86.25741620123148,12.107563602441697],[-86.2574147115202,12.107563967294338],[-86.2574132655577,12.10756447315927],[-86.25741187726939,12.10756511516474],[-86.25741056002524,12.107565887127887],[-86.25740932651101,12.107566781614285],[-86.25740818860615,12.107567790009538],[-86.25740715726926,12.107568902602255],[-86.25740624243271,12.107570108677555],[-86.25740545290688,12.107571396620282],[-86.25740479629533,12.107572754026839],[-86.25740427892158,12.107574167824666],[-86.25740390576826,12.107575624398107],[-86.25740368042898,12.107577109719575],[-86.25740360507393,12.107578609484607],[-86.25740368042881,12.10758010924965],[-86.2574039057679,12.107581594571142],[-86.25740427892109,12.107583051144626],[-86.25740479629471,12.107584464942505],[-86.25740545290614,12.10758582234913],[-86.2574062424319,12.107587110291933],[-86.25740715726837,12.107588316367316],[-86.25740818860525,12.107589428960118],[-86.25740932651014,12.107590437355459],[-86.25741056002443,12.107591331841936],[-86.25741187726867,12.10759210380516],[-86.25741326555706,12.107592745810697],[-86.25741471151971,12.107593251675683],[-86.25741620123114,12.107593616528362],[-86.2574177203446,12.107593836855006],[-86.25741925423026,12.10759391053374]]],"type":"Polygon"}},{"type":"Feature","properties":{"Sala de Curado/Curing Room":""},"geometry":{"coordinates":[[[-86.2574209978154,12.107612405554747],[-86.25742227799132,12.10761234406272],[-86.25742354583845,12.10761216017884],[-86.25742478914673,12.107611855674014],[-86.2574259959424,12.107611433480788],[-86.25742715460338,12.107610897665113],[-86.25742825397111,12.107610253387188],[-86.25742928345808,12.107609506851762],[-86.25743023314978,12.107608665248383],[-86.25743109390015,12.107607736682148],[-86.25743185741969,12.107606730095661],[-86.25743251635531,12.107605655182901],[-86.2574330643611,12.107604522295864],[-86.25743349615942,12.107603342344879],[-86.25743380759185,12.107602126693507],[-86.25743399565914,12.107600887049147],[-86.25743405855009,12.107599635350248],[-86.25743399565903,12.107598383651354],[-86.25743380759162,12.107597144007011],[-86.25743349615907,12.10759592835567],[-86.25743306436064,12.10759474840472],[-86.25743251635481,12.107593615517729],[-86.25743185741914,12.107592540605022],[-86.25743109389954,12.107591534018592],[-86.25743023314917,12.107590605452419],[-86.25742928345747,12.107589763849097],[-86.25742825397052,12.107589017313728],[-86.25742715460285,12.107588373035858],[-86.25742599594197,12.107587837220228],[-86.25742478914638,12.10758741502704],[-86.25742354583822,12.10758711052224],[-86.2574222779912,12.10758692663838],[-86.2574209978154,12.10758686514636],[-86.25741971763959,12.10758692663838],[-86.2574184497926,12.10758711052224],[-86.25741720648442,12.10758741502704],[-86.25741599968885,12.107587837220228],[-86.25741484102794,12.107588373035858],[-86.25741374166029,12.107589017313728],[-86.25741271217333,12.107589763849097],[-86.25741176248165,12.107590605452419],[-86.25741090173126,12.107591534018592],[-86.25741013821168,12.107592540605022],[-86.257409479276,12.107593615517729],[-86.25740893127016,12.10759474840472],[-86.25740849947174,12.10759592835567],[-86.2574081880392,12.107597144007011],[-86.25740799997179,12.107598383651354],[-86.25740793708071,12.107599635350248],[-86.25740799997166,12.107600887049147],[-86.25740818803894,12.107602126693507],[-86.2574084994714,12.107603342344879],[-86.25740893126972,12.107604522295864],[-86.2574094792755,12.107605655182901],[-86.2574101382111,12.107606730095661],[-86.25741090173065,12.107607736682148],[-86.25741176248101,12.107608665248383],[-86.25741271217271,12.107609506851762],[-86.2574137416597,12.107610253387188],[-86.25741484102744,12.107610897665113],[-86.25741599968839,12.107611433480788],[-86.25741720648406,12.107611855674014],[-86.25741844979234,12.10761216017884],[-86.25741971763946,12.10761234406272],[-86.2574209978154,12.107612405554747]]],"type":"Polygon"}},{"type":"Feature","properties":{},"geometry":{"coordinates":[[[-86.25748490951172,12.10782310494156],[-86.25748490951172,12.107778191890475],[-86.25739966951556,12.107781896060715],[-86.25740203729343,12.107826346089112],[-86.25748490951172,12.10782310494156]]],"type":"Polygon"}},{"type":"Feature","properties":{" Sala de Archivado/Filing Room":""},"geometry":{"coordinates":[[[-86.2572869812893,12.107790090690656],[-86.25728812769376,12.107790035624252],[-86.2572892630577,12.107789870955356],[-86.25729037644697,12.107789598269823],[-86.25729145713902,12.107789220193764],[-86.25729249472616,12.107788740368253],[-86.25729347921592,12.10778816341428],[-86.25729440112706,12.107787494888225],[-86.2572952515811,12.107786741228354],[-86.25729602238772,12.107785909692836],[-86.2572967061236,12.107785008289804],[-86.257297296204,12.107784045700267],[-86.25729778694614,12.107783031194485],[-86.25729817362388,12.107781974542707],[-86.25729845251331,12.10778088592107],[-86.25729862092861,12.10777977581359],[-86.2572986772478,12.107778654911215],[-86.2572986209285,12.107777534008841],[-86.25729845251314,12.107776423901376],[-86.2572981736236,12.10777533527976],[-86.25729778694578,12.107774278628016],[-86.25729729620359,12.107773264122269],[-86.25729670612313,12.107772301532775],[-86.25729602238722,12.107771400129787],[-86.25729525158062,12.107770568594315],[-86.25729440112657,12.107769814934494],[-86.25729347921545,12.107769146408485],[-86.25729249472576,12.107768569454555],[-86.25729145713866,12.107768089629081],[-86.25729037644668,12.10776771155305],[-86.2572892630575,12.10776743886754],[-86.25728812769364,12.107767274198658],[-86.2572869812893,12.107767219132258],[-86.25728583488494,12.107767274198658],[-86.25728469952108,12.10776743886754],[-86.2572835861319,12.10776771155305],[-86.25728250543992,12.107768089629081],[-86.25728146785283,12.107768569454555],[-86.25728048336313,12.107769146408485],[-86.25727956145201,12.107769814934494],[-86.25727871099798,12.107770568594315],[-86.25727794019137,12.107771400129787],[-86.25727725645545,12.107772301532775],[-86.25727666637499,12.107773264122269],[-86.25727617563281,12.107774278628016],[-86.25727578895498,12.10777533527976],[-86.25727551006545,12.107776423901376],[-86.25727534165009,12.107777534008841],[-86.25727528533079,12.107778654911215],[-86.25727534164999,12.10777977581359],[-86.25727551006526,12.10778088592107],[-86.25727578895471,12.107781974542707],[-86.25727617563246,12.107783031194485],[-86.25727666637458,12.107784045700267],[-86.257277256455,12.107785008289804],[-86.25727794019086,12.107785909692836],[-86.25727871099748,12.107786741228354],[-86.25727956145154,12.107787494888225],[-86.25728048336266,12.10778816341428],[-86.25728146785242,12.107788740368253],[-86.25728250543958,12.107789220193764],[-86.25728358613162,12.107789598269823],[-86.2572846995209,12.107789870955356],[-86.25728583488483,12.107790035624252],[-86.2572869812893,12.107790090690656]]],"type":"Polygon"}},{"type":"Feature","properties":{"stroke":"#af4b4b","stroke-width":2,"stroke-opacity":1,"fill":"#f7b0b0","fill-opacity":0.5},"geometry":{"coordinates":[[[-86.25743903694354,12.107725222243502],[-86.25743438738284,12.107598498817069],[-86.25740184045935,12.10759906708418],[-86.25740532763048,12.10772635877575],[-86.25743903694354,12.107725222243502]]],"type":"Polygon"}},{"type":"Feature","properties":{"Edificio H":"","stroke":"#2c3d96","stroke-width":2,"stroke-opacity":1,"fill":"#1e00ff","fill-opacity":0.5},"geometry":{"coordinates":[[[-86.25778859999815,12.108264602303095],[-86.2577861796858,12.108174071309989],[-86.2574762822459,12.108188376424991],[-86.25748276003769,12.108284338395435],[-86.25778859999815,12.108264602303095]]],"type":"Polygon"}},{"type":"Feature","properties":{"Edificio O":"","marker-color":"#ff0000","marker-size":"medium","marker-symbol":"circle"},"geometry":{"coordinates":[-86.25754680181569,12.107654026124706],"type":"Point"}},{"type":"Feature","properties":{" Facultad de Ingeniería y Arquitectura/Faculty of Engineering and Architecture":""},"geometry":{"coordinates":[[[-86.25761750376624,12.107788749773658],[-86.25761911319483,12.107788672466329],[-86.25762070712379,12.107788441288864],[-86.25762227020262,12.10778805846762],[-86.25762378737807,12.107787527689386],[-86.25762524403888,12.107786854065836],[-86.25762662615664,12.107786044084339],[-86.25762792042076,12.107785105545462],[-86.2576291143668,12.107784047487847],[-86.2576301964964,12.10778288010117],[-86.25763115638803,12.107781614628005],[-86.25763198479747,12.107780263255549],[-86.25763267374663,12.10777883899826],[-86.25763321660058,12.107777355572518],[-86.25763360813136,12.107775827264517],[-86.25763384456826,12.107774268792706],[-86.25763392363432,12.107772695166018],[-86.25763384456806,12.10777112153934],[-86.25763360813097,12.107769563067558],[-86.25763321660004,12.107768034759602],[-86.25763267374593,12.107766551333917],[-86.25763198479663,12.107765127076703],[-86.25763115638712,12.107763775704331],[-86.25763019649541,12.107762510231252],[-86.25762911436581,12.107761342844672],[-86.25762792041978,12.107760284787153],[-86.25762662615571,12.107759346248367],[-86.25762524403807,12.107758536266953],[-86.25762378737737,12.107757862643478],[-86.25762227020208,12.1077573318653],[-86.25762070712341,12.107756949044104],[-86.25761911319466,12.107756717866662],[-86.25761750376624,12.107756640559346],[-86.25761589433782,12.107756717866662],[-86.25761430040907,12.107756949044104],[-86.2576127373304,12.1077573318653],[-86.2576112201551,12.107757862643478],[-86.25760976349441,12.107758536266953],[-86.25760838137677,12.107759346248367],[-86.25760708711269,12.107760284787153],[-86.25760589316667,12.107761342844672],[-86.25760481103706,12.107762510231252],[-86.25760385114535,12.107763775704331],[-86.25760302273585,12.107765127076703],[-86.25760233378655,12.107766551333917],[-86.25760179093244,12.107768034759602],[-86.25760139940151,12.107769563067558],[-86.2576011629644,12.10777112153934],[-86.25760108389815,12.107772695166018],[-86.2576011629642,12.107774268792706],[-86.25760139940112,12.107775827264517],[-86.2576017909319,12.107777355572518],[-86.25760233378584,12.10777883899826],[-86.25760302273501,12.107780263255549],[-86.25760385114445,12.107781614628005],[-86.25760481103609,12.10778288010117],[-86.25760589316569,12.107784047487847],[-86.25760708711171,12.107785105545462],[-86.25760838137585,12.107786044084339],[-86.2576097634936,12.107786854065836],[-86.25761122015442,12.107787527689386],[-86.25761273732985,12.10778805846762],[-86.25761430040869,12.107788441288864],[-86.25761589433763,12.107788672466329],[-86.25761750376624,12.107788749773658]]],"type":"Polygon"}},{"type":"Feature","properties":{},"geometry":{"coordinates":[[-86.25742844171111,12.10858733816643],[-86.25741953120075,12.108293427266702],[-86.2575902307733,12.108288014474425],[-86.25781700364884,12.108283149618671]],"type":"LineString"}},{"type":"Feature","properties":{"Baños Edificio H/Building H Bathrooms":""},"geometry":{"coordinates":[[[-86.25755661892322,12.108259648885664],[-86.25755838195685,12.108259564200232],[-86.25756012801152,12.108259310959504],[-86.25756184027175,12.108258891602325],[-86.25756350224752,12.108258310167338],[-86.2575650979331,12.108257572254077],[-86.25756661196118,12.108256684969055],[-86.25756802975081,12.108255656857311],[-86.25756933764791,12.108254497820123],[-86.25757052305676,12.10825321901966],[-86.25757157456113,12.108251832771469],[-86.25757248203456,12.108250352425875],[-86.25757323673751,12.108248792239419],[-86.25757383140184,12.108247167237556],[-86.25757426030057,12.108245493069935],[-86.25757451930319,12.108243785859713],[-86.25757460591535,12.108242062048252],[-86.25757451930296,12.108240338236806],[-86.25757426030012,12.108238631026614],[-86.25757383140119,12.108236956859049],[-86.25757323673669,12.108235331857255],[-86.25757248203357,12.108233771670887],[-86.25757157456005,12.108232291325395],[-86.25757052305558,12.10823090507731],[-86.25756933764674,12.108229626276957],[-86.25756802974963,12.108228467239886],[-86.25756661196007,12.108227439128251],[-86.25756509793213,12.108226551843329],[-86.25756350224668,12.108225813930156],[-86.2575618402711,12.108225232495242],[-86.25756012801108,12.108224813138117],[-86.25755838195663,12.10822455989742],[-86.25755661892322,12.108224475212],[-86.25755485588981,12.10822455989742],[-86.25755310983534,12.108224813138117],[-86.25755139757534,12.108225232495242],[-86.25754973559974,12.108225813930156],[-86.2575481399143,12.108226551843329],[-86.25754662588636,12.108227439128251],[-86.25754520809679,12.108228467239886],[-86.25754390019969,12.108229626276957],[-86.25754271479086,12.10823090507731],[-86.25754166328637,12.108232291325395],[-86.25754075581285,12.108233771670887],[-86.25754000110975,12.108235331857255],[-86.25753940644525,12.108236956859049],[-86.25753897754632,12.108238631026614],[-86.25753871854347,12.108240338236806],[-86.25753863193108,12.108242062048252],[-86.25753871854324,12.108243785859713],[-86.25753897754586,12.108245493069935],[-86.2575394064446,12.108247167237556],[-86.25754000110891,12.108248792239419],[-86.25754075581186,12.108250352425875],[-86.2575416632853,12.108251832771469],[-86.25754271478968,12.10825321901966],[-86.25754390019851,12.108254497820123],[-86.25754520809562,12.108255656857311],[-86.25754662588525,12.108256684969055],[-86.25754813991333,12.108257572254077],[-86.25754973559891,12.108258310167338],[-86.25755139757469,12.108258891602325],[-86.25755310983492,12.108259310959504],[-86.25755485588957,12.108259564200232],[-86.25755661892322,12.108259648885664]]],"type":"Polygon"}},{"type":"Feature","properties":{"Gestión de Calidad//Quality Management":""},"geometry":{"coordinates":[[[-86.25765013602017,12.108258651424414],[-86.25765161933,12.108258580175214],[-86.25765308835477,12.10825836711379],[-86.25765452894693,12.108258014292035],[-86.25765592723276,12.10825752510782],[-86.25765726974608,12.108256904272254],[-86.25765854355771,12.108256157764325],[-86.25765973640013,12.108255292773315],[-86.25766083678563,12.108254317629557],[-86.2576618341169,12.108253241724226],[-86.25766271878909,12.108252075418871],[-86.25766348228233,12.10825082994566],[-86.25766411724376,12.108249517299178],[-86.25766461755836,12.108248150120929],[-86.25766497840782,12.10824674157759],[-86.25766519631696,12.108245305234199],[-86.2576652691872,12.108243854923531],[-86.2576651963168,12.108242404612872],[-86.25766497840749,12.108240968269504],[-86.2576646175579,12.1082395597262],[-86.25766411724317,12.108238192548004],[-86.25766348228163,12.108236879901584],[-86.25766271878831,12.108235634428445],[-86.25766183411608,12.108234468123168],[-86.25766083678478,12.108233392217915],[-86.25765973639929,12.10823241707424],[-86.25765854355693,12.108231552083303],[-86.2576572697454,12.108230805575444],[-86.25765592723216,12.108230184739941],[-86.25765452894646,12.108229695555776],[-86.25765308835445,12.10822934273406],[-86.25765161932985,12.108229129672662],[-86.25765013602017,12.108229058423468],[-86.25764865271049,12.108229129672662],[-86.25764718368589,12.10822934273406],[-86.2576457430939,12.108229695555776],[-86.25764434480817,12.108230184739941],[-86.25764300229497,12.108230805575444],[-86.25764172848342,12.108231552083303],[-86.25764053564104,12.10823241707424],[-86.25763943525556,12.108233392217915],[-86.25763843792427,12.108234468123168],[-86.25763755325202,12.108235634428445],[-86.25763678975872,12.108236879901584],[-86.25763615479718,12.108238192548004],[-86.25763565448247,12.1082395597262],[-86.25763529363284,12.108240968269504],[-86.25763507572356,12.108242404612872],[-86.25763500285314,12.108243854923531],[-86.2576350757234,12.108245305234199],[-86.25763529363255,12.10824674157759],[-86.25763565448197,12.108248150120929],[-86.25763615479659,12.108249517299178],[-86.25763678975802,12.10825082994566],[-86.25763755325124,12.108252075418871],[-86.25763843792346,12.108253241724226],[-86.25763943525472,12.108254317629557],[-86.25764053564023,12.108255292773315],[-86.25764172848264,12.108256157764325],[-86.25764300229427,12.108256904272254],[-86.25764434480757,12.10825752510782],[-86.25764574309343,12.108258014292035],[-86.25764718368559,12.10825836711379],[-86.25764865271033,12.108258580175214],[-86.25765013602017,12.108258651424414]]],"type":"Polygon"}},{"type":"Feature","properties":{"stroke":"#2d863e","stroke-width":2,"stroke-opacity":1,"fill":"#2f9c21","fill-opacity":0.5},"geometry":{"coordinates":[[[-86.25763945710503,12.108568418610716],[-86.25763766270639,12.108308106524433],[-86.25746714970519,12.108310747519582],[-86.25747000448975,12.108568986413019],[-86.25763945710503,12.108568418610716]]],"type":"Polygon"}},{"type":"Feature","properties":{"Edificio H":"Ed.H","marker-color":"#ff0000","marker-size":"medium","marker-symbol":"circle"},"geometry":{"coordinates":[-86.25762215404528,12.108238546233864],"type":"Point"}},{"type":"Feature","properties":{"Edificio G":"Ed.G","stroke":"#1b6b9d","stroke-width":2,"stroke-opacity":1,"fill":"#93b7f1","fill-opacity":0.5},"geometry":{"coordinates":[[[-86.25754453736195,12.108796442871082],[-86.25754246528646,12.108715460982808],[-86.25757591840939,12.108713742759647],[-86.25757565738992,12.108660576496646],[-86.25754049994025,12.108660576496646],[-86.25753856684626,12.108612719082686],[-86.25740719635344,12.108619102903447],[-86.25741335077116,12.108798170699288],[-86.25754453736195,12.108796442871082]]],"type":"Polygon"}},{"type":"Feature","properties":{"Edificio E":"Ed.E","stroke":"#b5b021","stroke-width":2,"stroke-opacity":1,"fill":"#fff475","fill-opacity":0.5},"geometry":{"coordinates":[[[-86.25733849743845,12.109253071806805],[-86.25733398650945,12.10860771748743],[-86.25726829664626,12.108609096306068],[-86.25726699805051,12.10856363671153],[-86.25722813282621,12.108564797029103],[-86.25724534355444,12.109228903326212],[-86.25727877276663,12.109228432419243],[-86.2572795090197,12.109254955435745],[-86.25733849743845,12.109253071806805]]],"type":"Polygon"}},{"type":"Feature","properties":{"Edificio C":"","marker-color":"#ff0000","marker-size":"medium","marker-symbol":"circle"},"geometry":{"coordinates":[-86.25702920077062,12.108352745284876],"type":"Point"}},{"type":"Feature","properties":{"Caja General/General Bank":""},"geometry":{"coordinates":[[[-86.25703143623562,12.108403148581026],[-86.25703316557772,12.108403065513963],[-86.2570348782653,12.10840281711277],[-86.25703655780424,12.108402405769674],[-86.25703818801968,12.108401835446141],[-86.25703975321173,12.108401111634702],[-86.25704123830675,12.108400241306052],[-86.25704262900244,12.108399232841936],[-86.25704391190567,12.108398095954417],[-86.25704507466133,12.108396841592343],[-86.25704610607148,12.108395481835908],[-86.25704699620312,12.108394029780316],[-86.25704773648371,12.108392499409648],[-86.257048319784,12.108390905462219],[-86.2570487404865,12.108389263288615],[-86.25704899453957,12.108387588703861],[-86.25704907949658,12.10838589783513],[-86.25704899453933,12.10838420696641],[-86.25704874048604,12.10838253238169],[-86.25704831978335,12.108380890208133],[-86.25704773648289,12.108379296260775],[-86.25704699620215,12.108377765890195],[-86.25704610607043,12.108376313834695],[-86.25704507466023,12.108374954078364],[-86.2570439119045,12.108373699716402],[-86.25704262900132,12.10837256282899],[-86.2570412383057,12.108371554364979],[-86.25703975321079,12.108370684036426],[-86.25703818801887,12.108369960225069],[-86.25703655780362,12.108369389901608],[-86.25703487826485,12.108368978558564],[-86.2570331655775,12.1083687301574],[-86.25703143623562,12.10836864709035],[-86.25702970689375,12.1083687301574],[-86.25702799420637,12.108368978558564],[-86.25702631466763,12.108369389901608],[-86.25702468445236,12.108369960225069],[-86.25702311926045,12.108370684036426],[-86.25702163416554,12.108371554364979],[-86.25702024346991,12.10837256282899],[-86.25701896056671,12.108373699716402],[-86.25701779781102,12.108374954078364],[-86.25701676640078,12.108376313834695],[-86.25701587626907,12.108377765890195],[-86.25701513598833,12.108379296260775],[-86.25701455268786,12.108380890208133],[-86.25701413198519,12.10838253238169],[-86.2570138779319,12.10838420696641],[-86.25701379297465,12.10838589783513],[-86.25701387793167,12.108387588703861],[-86.25701413198475,12.108389263288615],[-86.25701455268724,12.108390905462219],[-86.25701513598753,12.108392499409648],[-86.25701587626813,12.108394029780316],[-86.25701676639974,12.108395481835908],[-86.2570177978099,12.108396841592343],[-86.25701896056557,12.108398095954417],[-86.2570202434688,12.108399232841936],[-86.25702163416449,12.108400241306052],[-86.2570231192595,12.108401111634702],[-86.25702468445154,12.108401835446141],[-86.25702631466697,12.108402405769674],[-86.25702799420594,12.10840281711277],[-86.25702970689352,12.108403065513963],[-86.25703143623562,12.108403148581026]]],"type":"Polygon"}},{"type":"Feature","properties":{"marker-color":"#ff0000","marker-size":"medium","marker-symbol":"circle"},"geometry":{"coordinates":[-86.25675021067337,12.108752592171555],"type":"Point"}},{"type":"Feature","properties":{"ATM":""},"geometry":{"coordinates":[[[-86.25669942812138,12.108546957433385],[-86.25670145702587,12.108546859977235],[-86.25670346639089,12.108546568547347],[-86.25670543686513,12.108546085950344],[-86.25670734947191,12.108545416833906],[-86.25670918579172,12.108544567641989],[-86.25671092813984,12.108543546552776],[-86.25671255973643,12.108542363399922],[-86.25671406486839,12.108541029577827],[-86.25671542904045,12.10853955793194],[-86.2567166391149,12.108537962635012],[-86.25671768343804,12.108536259050625],[-86.25671855195249,12.108534463585231],[-86.25671923629397,12.108532593530152],[-86.25671972987192,12.108530666895033],[-86.2567200279329,12.10852870223443],[-86.2567201276064,12.108526718469092],[-86.25672002793259,12.10852473470377],[-86.25671972987132,12.108522770043209],[-86.2567192362931,12.108520843408161],[-86.25671855195137,12.108518973353176],[-86.25671768343675,12.1085171778879],[-86.25671663911345,12.108515474303646],[-86.25671542903892,12.10851387900686],[-86.25671406486683,12.108512407361122],[-86.2567125597349,12.10851107353918],[-86.25671092813839,12.108509890386468],[-86.25670918579044,12.108508869297387],[-86.2567073494708,12.108508020105583],[-86.25670543686427,12.108507350989242],[-86.25670346639028,12.108506868392313],[-86.25670145702556,12.108506576962466],[-86.25669942812138,12.108506479506332],[-86.2566973992172,12.108506576962466],[-86.2566953898525,12.108506868392313],[-86.25669341937848,12.108507350989242],[-86.25669150677194,12.108508020105583],[-86.25668967045233,12.108508869297387],[-86.25668792810437,12.108509890386468],[-86.25668629650785,12.10851107353918],[-86.25668479137593,12.108512407361122],[-86.25668342720384,12.10851387900686],[-86.25668221712931,12.108515474303646],[-86.25668117280603,12.1085171778879],[-86.25668030429138,12.108518973353176],[-86.25667961994965,12.108520843408161],[-86.25667912637145,12.108522770043209],[-86.25667882831017,12.10852473470377],[-86.25667872863634,12.108526718469092],[-86.25667882830987,12.10852870223443],[-86.25667912637086,12.108530666895033],[-86.25667961994878,12.108532593530152],[-86.25668030429026,12.108534463585231],[-86.2566811728047,12.108536259050625],[-86.25668221712786,12.108537962635012],[-86.2566834272023,12.10853955793194],[-86.25668479137435,12.108541029577827],[-86.25668629650632,12.108542363399922],[-86.25668792810293,12.108543546552776],[-86.25668967045102,12.108544567641989],[-86.25669150677084,12.108545416833906],[-86.25669341937761,12.108546085950344],[-86.25669538985187,12.108546568547347],[-86.2566973992169,12.108546859977235],[-86.25669942812138,12.108546957433385]]],"type":"Polygon"}},{"type":"Feature","properties":{"Food Court":"","stroke":"#a0480d","stroke-width":2,"stroke-opacity":1,"fill":"#ec9909","fill-opacity":0.5},"geometry":{"coordinates":[[[-86.25686694443387,12.108867302262496],[-86.25686858455337,12.108752798785005],[-86.25683357618179,12.108750358595188],[-86.2568341103902,12.108718547908268],[-86.25681752519469,12.108718547908268],[-86.2568182646506,12.108646964875547],[-86.25665561079171,12.108647642312363],[-86.25665774803552,12.108724842177793],[-86.2566612717704,12.108875030393023],[-86.25686694443387,12.108867302262496]]],"type":"Polygon"}},{"type":"Feature","properties":{"Food Court/Comedor":""},"geometry":{"coordinates":[[[-86.2567503028334,12.108778831749255],[-86.25675310250503,12.108778697270312],[-86.25675587521428,12.108778295128591],[-86.25675859425846,12.10877762919693],[-86.25676123345164,12.108776705888625],[-86.25676376737697,12.108775534095637],[-86.25676617163133,12.108774125102984],[-86.25676842306048,12.108772492480028],[-86.25677049998188,12.108770651949833],[-86.25677238239363,12.108768621237711],[-86.25677405216716,12.108766419900537],[-86.25677549322155,12.108764069138394],[-86.2567766916787,12.108761591590408],[-86.25677763599681,12.108759011116726],[-86.25677831708158,12.108756352568722],[-86.25677872837383,12.108753641549669],[-86.25677886591258,12.108750904168163],[-86.25677872837326,12.108748166786683],[-86.25677831708047,12.108745455767714],[-86.25677763599516,12.108742797219845],[-86.25677669167659,12.108740216746344],[-86.25677549321908,12.10873773919858],[-86.2567740521644,12.108735388436688],[-86.25677238239072,12.108733187099789],[-86.2567704999789,12.108731156387952],[-86.25676842305755,12.108729315858042],[-86.25676617162858,12.108727683235362],[-86.25676376737448,12.108726274242958],[-86.25676123344952,12.108725102450194],[-86.2567585942568,12.10872417914207],[-86.25675587521313,12.108723513210547],[-86.25675310250443,12.108723111068905],[-86.2567503028334,12.108722976589991],[-86.25674750316236,12.108723111068905],[-86.25674473045366,12.108723513210547],[-86.25674201141,12.10872417914207],[-86.25673937221727,12.108725102450194],[-86.25673683829231,12.108726274242958],[-86.25673443403822,12.108727683235362],[-86.25673218260924,12.108729315858042],[-86.25673010568791,12.108731156387952],[-86.25672822327607,12.108733187099789],[-86.25672655350239,12.108735388436688],[-86.25672511244773,12.10873773919858],[-86.2567239139902,12.108740216746344],[-86.25672296967164,12.108742797219845],[-86.25672228858635,12.108745455767714],[-86.25672187729354,12.108748166786683],[-86.25672173975421,12.108750904168163],[-86.25672187729296,12.108753641549669],[-86.25672228858521,12.108756352568722],[-86.25672296966998,12.108759011116726],[-86.2567239139881,12.108761591590408],[-86.25672511244524,12.108764069138394],[-86.25672655349963,12.108766419900537],[-86.25672822327316,12.108768621237711],[-86.25673010568491,12.108770651949833],[-86.25673218260631,12.108772492480028],[-86.25673443403547,12.108774125102984],[-86.25673683828983,12.108775534095637],[-86.25673937221515,12.108776705888625],[-86.25674201140833,12.10877762919693],[-86.25674473045251,12.108778295128591],[-86.25674750316176,12.108778697270312],[-86.2567503028334,12.108778831749255]]],"type":"Polygon"}},{"type":"Feature","properties":{"Plaza central ":"Ruben Dario","stroke":"#1b7e53","stroke-width":2,"stroke-opacity":1,"fill":"#6fbe83","fill-opacity":0.5},"geometry":{"coordinates":[[[-86.25687438139425,12.108931390879917],[-86.25716550817822,12.108927898563564],[-86.25715847044614,12.108663135456325],[-86.25709444865058,12.10860151897188],[-86.25699086695732,12.108603227077282],[-86.25687023018719,12.108756043612118],[-86.25687438139425,12.108931390879917]]],"type":"Polygon"}},{"type":"Feature","properties":{"Plaza Central Rúben Darío/ Central Plaza Ruben Dario":""},"geometry":{"coordinates":[[[-86.25703115262426,12.108827178754328],[-86.25703481933446,12.108827002628198],[-86.25703845073222,12.108826475945987],[-86.25704201184519,12.108825603779945],[-86.25704546837788,12.108824394529506],[-86.257048787042,12.108822859840421],[-86.25705193587693,12.108821014492584],[-86.25705488455775,12.108818876257715],[-86.25705760468699,12.108816465728188],[-86.25706007006832,12.10881380611873],[-86.2570622569588,12.10881092304284],[-86.25706414429747,12.108807844266122],[-86.25706571390822,12.108804599438884],[-86.25706695067487,12.108801219810594],[-86.25706784268668,12.10879773792892],[-86.2570683813531,12.108794187326293],[-86.2570685614865,12.108790602196956],[-86.2570683813521,12.108787017067671],[-86.25706784268472,12.108783466465184],[-86.25706695067203,12.108779984583744],[-86.25706571390461,12.108776604955764],[-86.25706414429321,12.108773360128907],[-86.25706225695409,12.10877028135262],[-86.25706007006329,12.1087673982772],[-86.25705760468186,12.108764738668231],[-86.25705488455272,12.108762328139193],[-86.25705193587221,12.108760189904794],[-86.25704878703772,12.108758344557392],[-86.25704546837424,12.108756809868684],[-86.25704201184233,12.108755600618556],[-86.25703845073026,12.108754728452746],[-86.25703481933346,12.10875420177068],[-86.25703115262426,12.108754025644595],[-86.25702748591507,12.10875420177068],[-86.25702385451827,12.108754728452746],[-86.25702029340619,12.108755600618556],[-86.25701683687427,12.108756809868684],[-86.25701351821081,12.108758344557392],[-86.25701036937633,12.108760189904794],[-86.25700742069581,12.108762328139193],[-86.25700470056668,12.108764738668231],[-86.25700223518523,12.1087673982772],[-86.25700004829446,12.10877028135262],[-86.25699816095532,12.108773360128907],[-86.25699659134392,12.108776604955764],[-86.25699535457652,12.108779984583744],[-86.25699446256382,12.108783466465184],[-86.25699392389645,12.108787017067671],[-86.25699374376204,12.108790602196956],[-86.25699392389542,12.108794187326293],[-86.25699446256186,12.10879773792892],[-86.25699535457366,12.108801219810594],[-86.25699659134031,12.108804599438884],[-86.25699816095107,12.108807844266122],[-86.25700004828973,12.10881092304284],[-86.25700223518021,12.10881380611873],[-86.25700470056154,12.108816465728188],[-86.25700742069078,12.108818876257715],[-86.25701036937159,12.108821014492584],[-86.25701351820655,12.108822859840421],[-86.25701683687066,12.108824394529506],[-86.25702029340336,12.108825603779945],[-86.2570238545163,12.108826475945987],[-86.25702748591407,12.108827002628198],[-86.25703115262426,12.108827178754328]]],"type":"Polygon"}},{"type":"Feature","properties":{"Impresiones/Impressions":"Ed.B"},"geometry":{"coordinates":[[[-86.25728714212887,12.108569194799408],[-86.25729015116032,12.108569050263968],[-86.25729313121315,12.108568618049604],[-86.25729605358778,12.108567902318775],[-86.25729889014018,12.108566909964368],[-86.25730161355276,12.108565650543298],[-86.2573041975976,12.10856413618448],[-86.2573066173889,12.108562381472026],[-86.25730884962273,12.108560403304777],[-86.2573108728015,12.108558220733574],[-86.25731266744086,12.10855585477777],[-86.25731421625747,12.10855332822282],[-86.25731550433537,12.108550665400836],[-86.2573165192697,12.108547891956247],[-86.25731725128607,12.10854503459885],[-86.25731769333477,12.108542120846558],[-86.25731784115867,12.108539178760399],[-86.2573176933341,12.108536236674274],[-86.25731725128475,12.108533322922076],[-86.2573165192678,12.108530465564836],[-86.25731550433295,12.108527692120457],[-86.25731421625458,12.108525029298729],[-86.25731266743767,12.108522502744071],[-86.25731087279812,12.108520136788584],[-86.25730884961928,12.108517954217707],[-86.2573066173855,12.10851597605079],[-86.25730419759441,12.108514221338648],[-86.25730161354988,12.108512706980123],[-86.25729889013773,12.10851144755931],[-86.25729605358586,12.108510455205112],[-86.25729313121181,12.108509739474439],[-86.25729015115964,12.10850930726017],[-86.25728714212887,12.108509162724763],[-86.25728413309808,12.10850930726017],[-86.25728115304591,12.108509739474439],[-86.25727823067187,12.108510455205112],[-86.25727539412,12.10851144755931],[-86.25727267070783,12.108512706980123],[-86.25727008666331,12.108514221338648],[-86.25726766687221,12.10851597605079],[-86.25726543463846,12.108517954217707],[-86.25726341145962,12.108520136788584],[-86.25726161682006,12.108522502744071],[-86.25726006800312,12.108525029298729],[-86.25725877992478,12.108527692120457],[-86.25725776498993,12.108530465564836],[-86.25725703297296,12.108533322922076],[-86.25725659092363,12.108536236674274],[-86.25725644309907,12.108539178760399],[-86.25725659092294,12.108542120846558],[-86.25725703297165,12.10854503459885],[-86.25725776498804,12.108547891956247],[-86.25725877992234,12.108550665400836],[-86.25726006800025,12.10855332822282],[-86.25726161681686,12.10855585477777],[-86.25726341145624,12.108558220733574],[-86.25726543463499,12.108560403304777],[-86.25726766686883,12.108562381472026],[-86.25727008666013,12.10856413618448],[-86.25727267070495,12.108565650543298],[-86.25727539411756,12.108566909964368],[-86.25727823066995,12.108567902318775],[-86.25728115304459,12.108568618049604],[-86.25728413309741,12.108569050263968],[-86.25728714212887,12.108569194799408]]],"type":"Polygon"}},{"type":"Feature","properties":{"Baños Edificio B/Building B Bathrooms":"Ed.B"},"geometry":{"coordinates":[[[-86.25720752422522,12.108571075285052],[-86.25721040931087,12.108570936703208],[-86.25721326661157,12.108570522292306],[-86.2572160686099,12.108569836043344],[-86.25721878832114,12.108568884565276],[-86.25722139955293,12.108567677021364],[-86.25722387715768,12.108566225040914],[-86.25722619727472,12.108564542607299],[-86.25722833756005,12.108562645923277],[-86.25723027740156,12.108560553254955],[-86.25723199811746,12.108558284755881],[-86.25723348313637,12.108555862272942],[-86.25723471815674,12.10855330913598],[-86.25723569128465,12.108550649933099],[-86.25723639314836,12.10854791027388],[-86.25723681698854,12.108545116542746],[-86.25723695872338,12.10854229564485],[-86.25723681698791,12.108539474746985],[-86.25723639314714,12.108536681015938],[-86.25723569128289,12.108533941356864],[-86.25723471815449,12.108531282154178],[-86.25723348313373,12.108528729017449],[-86.25723199811453,12.10852630653478],[-86.25723027739842,12.108524038035995],[-86.2572283375569,12.108521945367977],[-86.2572261972716,12.108520048684255],[-86.25722387715477,12.108518366250934],[-86.25722139955029,12.108516914270753],[-86.2572187883189,12.108515706727072],[-86.25721606860813,12.1085147552492],[-86.25721326661035,12.108514069000382],[-86.25721040931026,12.108513654589563],[-86.25720752422522,12.10851351600775],[-86.25720463914023,12.108513654589563],[-86.25720178184012,12.108514069000382],[-86.25719897984233,12.1085147552492],[-86.25719626013158,12.108515706727072],[-86.25719364890017,12.108516914270753],[-86.25719117129572,12.108518366250934],[-86.25718885117885,12.108520048684255],[-86.25718671089359,12.108521945367977],[-86.25718477105204,12.108524038035995],[-86.25718305033593,12.10852630653478],[-86.25718156531674,12.108528729017449],[-86.25718033029597,12.108531282154178],[-86.25717935716757,12.108533941356864],[-86.2571786553033,12.108536681015938],[-86.25717823146255,12.108539474746985],[-86.25717808972709,12.10854229564485],[-86.25717823146194,12.108545116542746],[-86.25717865530211,12.10854791027388],[-86.25717935716581,12.108550649933099],[-86.25718033029374,12.10855330913598],[-86.2571815653141,12.108555862272942],[-86.25718305033301,12.108558284755881],[-86.25718477104893,12.108560553254955],[-86.25718671089042,12.108562645923277],[-86.25718885117574,12.108564542607299],[-86.25719117129277,12.108566225040914],[-86.25719364889754,12.108567677021364],[-86.25719626012933,12.108568884565276],[-86.25719897984055,12.108569836043344],[-86.25720178183892,12.108570522292306],[-86.25720463913959,12.108570936703208],[-86.25720752422522,12.108571075285052]]],"type":"Polygon"}},{"type":"Feature","properties":{"Edificio M":"Ed.M","marker-color":"#ff2424","marker-size":"medium","marker-symbol":"circle"},"geometry":{"coordinates":[-86.25755271650934,12.108471536227967],"type":"Point"}},{"type":"Feature","properties":{"Powerbank":"","stroke":"#b8ad3d","stroke-width":2,"stroke-opacity":1,"fill":"#fbff00","fill-opacity":0.5},"geometry":{"coordinates":[[[-86.25743065363773,12.108218799089926],[-86.25743043619674,12.108187575253567],[-86.25736524539388,12.10818738349279],[-86.25736532077696,12.10821764549101],[-86.25743065363773,12.108218799089926]]],"type":"Polygon"}},{"type":"Feature","properties":{"Mesitas ":"Park.C.1","stroke":"#298941","stroke-width":2,"stroke-opacity":1,"fill":"#69dd8c","fill-opacity":0.5},"geometry":{"coordinates":[[[-86.25734499614921,12.108234256779994],[-86.25734424726437,12.108136466473056],[-86.25726455664825,12.10813771332299],[-86.25726755286527,12.108237471041846],[-86.25734499614921,12.108234256779994]]],"type":"Polygon"}},{"type":"Feature","properties":{"Mesas Ranchito/Ranchito Tables":"Park.C.1"},"geometry":{"coordinates":[[[-86.25732283081624,12.108208814705895],[-86.25732450964203,12.108208734065279],[-86.25732617229984,12.108208492920053],[-86.25732780277734,12.108208093592568],[-86.2573293853721,12.108207539928573],[-86.25733090484293,12.108206837260152],[-86.25733234655644,12.10820599235439],[-86.25733369662814,12.108205013348194],[-86.25733494205613,12.108203909669927],[-86.25733607084624,12.108202691948618],[-86.25733707212761,12.108201371911585],[-86.25733793625736,12.108199962271517],[-86.25733865491343,12.108198476604011],[-86.25733922117477,12.108196929216865],[-86.257339629588,12.10819533501226],[-86.25733987621989,12.108193709343258],[-86.2573399586952,12.108192067865941],[-86.25733987621969,12.108190426388637],[-86.2573396295876,12.108188800719663],[-86.25733922117418,12.108187206515106],[-86.25733865491264,12.108185659128024],[-86.25733793625645,12.1081841734606],[-86.25733707212662,12.10818276382062],[-86.25733607084518,12.108181443783687],[-86.25733494205505,12.108180226062482],[-86.25733369662709,12.108179122384316],[-86.25733234655544,12.108178143378217],[-86.25733090484205,12.108177298472548],[-86.25732938537136,12.108176595804208],[-86.25732780277673,12.108176042140276],[-86.25732617229944,12.10817564281284],[-86.25732450964183,12.108175401667642],[-86.25732283081624,12.108175321027039],[-86.25732115199062,12.108175401667642],[-86.25731948933301,12.10817564281284],[-86.2573178588557,12.108176042140276],[-86.2573162762611,12.108176595804208],[-86.25731475679041,12.108177298472548],[-86.25731331507701,12.108178143378217],[-86.25731196500537,12.108179122384316],[-86.2573107195774,12.108180226062482],[-86.25730959078727,12.108181443783687],[-86.25730858950584,12.10818276382062],[-86.257307725376,12.1081841734606],[-86.25730700671978,12.108185659128024],[-86.25730644045828,12.108187206515106],[-86.25730603204485,12.108188800719663],[-86.25730578541277,12.108190426388637],[-86.25730570293724,12.108192067865941],[-86.25730578541257,12.108193709343258],[-86.25730603204444,12.10819533501226],[-86.25730644045768,12.108196929216865],[-86.25730700671903,12.108198476604011],[-86.2573077253751,12.108199962271517],[-86.25730858950485,12.108201371911585],[-86.25730959078622,12.108202691948618],[-86.25731071957632,12.108203909669927],[-86.2573119650043,12.108205013348194],[-86.25731331507602,12.10820599235439],[-86.25731475678953,12.108206837260152],[-86.25731627626033,12.108207539928573],[-86.2573178588551,12.108208093592568],[-86.2573194893326,12.108208492920053],[-86.2573211519904,12.108208734065279],[-86.25732283081624,12.108208814705895]]],"type":"Polygon"}},{"type":"Feature","properties":{" Facultad de Ciencias Administrativas y Económicas/Faculty of Administrative and Economic Sciences":""},"geometry":{"coordinates":[[[-86.2575624661585,12.1089975242833],[-86.25756331389525,12.10899748356329],[-86.25756415346781,12.108997361795412],[-86.25756497679066,12.108997160152358],[-86.25756577593475,12.10899688057606],[-86.25756654320388,12.108996525758993],[-86.25756727120884,12.108996099118238],[-86.25756795293853,12.108995604762582],[-86.25756858182751,12.108995047452934],[-86.25756915181928,12.108994432556498],[-86.25756965742445,12.108993765995063],[-86.25757009377382,12.108993054187973],[-86.25757045666505,12.108992303990329],[-86.25757074260335,12.108991522626937],[-86.25757094883495,12.108990717622756],[-86.25757107337377,12.108989896730419],[-86.25757111502037,12.10898906785557],[-86.25757107337371,12.108988238980722],[-86.25757094883485,12.108987418088391],[-86.25757074260319,12.108986613084225],[-86.25757045666485,12.10898583172085],[-86.25757009377358,12.108985081523224],[-86.2575696574242,12.108984369716158],[-86.257569151819,12.108983703154747],[-86.25756858182724,12.108983088258334],[-86.25756795293825,12.108982530948717],[-86.25756727120859,12.108982036593085],[-86.25756654320365,12.108981609952354],[-86.25756577593455,12.108981255135307],[-86.2575649767905,12.108980975559028],[-86.2575641534677,12.108980773915986],[-86.25756331389519,12.108980652148114],[-86.2575624661585,12.108980611428105],[-86.25756161842183,12.108980652148114],[-86.25756077884932,12.108980773915986],[-86.25755995552653,12.108980975559028],[-86.25755915638247,12.108981255135307],[-86.25755838911338,12.108981609952354],[-86.25755766110845,12.108982036593085],[-86.25755697937876,12.108982530948717],[-86.25755635048978,12.108983088258334],[-86.25755578049801,12.108983703154747],[-86.25755527489282,12.108984369716158],[-86.25755483854344,12.108985081523224],[-86.25755447565217,12.10898583172085],[-86.25755418971383,12.108986613084225],[-86.25755398348217,12.108987418088391],[-86.25755385894331,12.108988238980722],[-86.25755381729667,12.10898906785557],[-86.25755385894327,12.108989896730419],[-86.25755398348207,12.108990717622756],[-86.25755418971367,12.108991522626937],[-86.25755447565197,12.108992303990329],[-86.25755483854323,12.108993054187973],[-86.25755527489257,12.108993765995063],[-86.25755578049777,12.108994432556498],[-86.25755635048951,12.108995047452934],[-86.25755697937849,12.108995604762582],[-86.2575576611082,12.108996099118238],[-86.25755838911314,12.108996525758993],[-86.25755915638227,12.10899688057606],[-86.25755995552636,12.108997160152358],[-86.25756077884921,12.108997361795412],[-86.25756161842178,12.10899748356329],[-86.2575624661585,12.1089975242833]]],"type":"Polygon"}},{"type":"Feature","properties":{" Facultad de Marketing, Diseño y Ciencias de la Comunicación/Faculty of Marketing, Design and Communication Sciences":""},"geometry":{"coordinates":[[[-86.25755233884449,12.109011727750868],[-86.25755339219245,12.109011677154568],[-86.2575544353961,12.109011525852948],[-86.25755545840882,12.10901127530312],[-86.25755645137842,12.109010927918016],[-86.25755740474207,12.109010487043147],[-86.25755830931834,12.10900995692438],[-86.2575591563957,12.109009342667047],[-86.2575599378163,12.109008650186782],[-86.25756064605461,12.109007886152549],[-86.25756127428998,12.10900705792242],[-86.2575618164721,12.1090061734727],[-86.25756226737948,12.109005241321126],[-86.25756262266965,12.109004270444823],[-86.25756287892095,12.109003270193872],[-86.25756303366555,12.109002250201225],[-86.25756308541317,12.109001220289976],[-86.25756303366545,12.109000190378726],[-86.2575628789208,12.108999170386094],[-86.2575626226694,12.108998170135159],[-86.25756226737919,12.108997199258884],[-86.25756181647175,12.108996267107338],[-86.25756127428959,12.108995382657657],[-86.2575606460542,12.108994554427564],[-86.25755993781586,12.108993790393372],[-86.25755915639526,12.10899309791315],[-86.25755830931796,12.108992483655854],[-86.25755740474172,12.10899195353712],[-86.25755645137811,12.108991512662286],[-86.2575554584086,12.108991165277207],[-86.25755443539595,12.108990914727398],[-86.25755339219238,12.108990763425787],[-86.25755233884449,12.108990712829495],[-86.25755128549659,12.108990763425787],[-86.25755024229301,12.108990914727398],[-86.25754921928036,12.108991165277207],[-86.25754822631085,12.108991512662286],[-86.25754727294726,12.10899195353712],[-86.25754636837101,12.108992483655854],[-86.2575455212937,12.10899309791315],[-86.2575447398731,12.108993790393372],[-86.25754403163477,12.108994554427564],[-86.25754340339937,12.108995382657657],[-86.2575428612172,12.108996267107338],[-86.25754241030977,12.108997199258884],[-86.25754205501956,12.108998170135159],[-86.25754179876819,12.108999170386094],[-86.2575416440235,12.109000190378726],[-86.2575415922758,12.109001220289976],[-86.25754164402343,12.109002250201225],[-86.25754179876802,12.109003270193872],[-86.25754205501931,12.109004270444823],[-86.25754241030948,12.109005241321126],[-86.25754286121686,12.1090061734727],[-86.25754340339898,12.10900705792242],[-86.25754403163434,12.109007886152549],[-86.25754473987267,12.109008650186782],[-86.25754552129327,12.109009342667047],[-86.25754636837061,12.10900995692438],[-86.2575472729469,12.109010487043147],[-86.25754822631053,12.109010927918016],[-86.25754921928014,12.10901127530312],[-86.25755024229287,12.109011525852948],[-86.2575512854965,12.109011677154568],[-86.25755233884449,12.109011727750868]]],"type":"Polygon"}},{"type":"Feature","properties":{"Farmacia del Valle//Drug Store":""},"geometry":{"coordinates":[[[-86.25676517234012,12.108560700399359],[-86.25676682709923,12.108560620914867],[-86.2567684659221,12.108560383226877],[-86.25677007302595,12.108559989624451],[-86.25677163293352,12.108559443898198],[-86.25677313062202,12.108558751303757],[-86.25677455166792,12.1085579185112],[-86.25677588238575,12.10855695354077],[-86.25677710995996,12.108555865685663],[-86.25677822256836,12.108554665422519],[-86.25677920949592,12.108553364310527],[-86.25678006123796,12.108551974880116],[-86.25678076959177,12.10855051051225],[-86.25678132773552,12.108548985309607],[-86.25678173029397,12.108547413960716],[-86.25678197339026,12.10854581159852],[-86.25678205468327,12.108544193654655],[-86.25678197339006,12.108542575710798],[-86.25678173029357,12.108540973348633],[-86.25678132773494,12.108539401999787],[-86.25678076959105,12.108537876797204],[-86.25678006123711,12.108536412429421],[-86.25677920949494,12.108535022999094],[-86.25677822256733,12.1085337218872],[-86.25677710995892,12.108532521624156],[-86.25677588238472,12.108531433769146],[-86.25677455166695,12.108530468798813],[-86.25677313062116,12.108529636006343],[-86.25677163293278,12.108528943411981],[-86.25677007302538,12.108528397685792],[-86.2567684659217,12.108528004083414],[-86.25676682709903,12.108527766395452],[-86.25676517234012,12.108527686910971],[-86.25676351758123,12.108527766395452],[-86.25676187875857,12.108528004083414],[-86.2567602716549,12.108528397685792],[-86.2567587117475,12.108528943411981],[-86.2567572140591,12.108529636006343],[-86.25675579301331,12.108530468798813],[-86.25675446229555,12.108531433769146],[-86.25675323472136,12.108532521624156],[-86.25675212211293,12.1085337218872],[-86.25675113518533,12.108535022999094],[-86.25675028344318,12.108536412429421],[-86.25674957508923,12.108537876797204],[-86.25674901694534,12.108539401999787],[-86.25674861438671,12.108540973348633],[-86.25674837129021,12.108542575710798],[-86.256748289997,12.108544193654655],[-86.25674837129,12.10854581159852],[-86.25674861438631,12.108547413960716],[-86.25674901694474,12.108548985309607],[-86.25674957508849,12.10855051051225],[-86.2567502834423,12.108551974880116],[-86.25675113518436,12.108553364310527],[-86.2567521221119,12.108554665422519],[-86.2567532347203,12.108555865685663],[-86.25675446229451,12.10855695354077],[-86.25675579301236,12.1085579185112],[-86.25675721405825,12.108558751303757],[-86.25675871174676,12.108559443898198],[-86.25676027165431,12.108559989624451],[-86.2567618787582,12.108560383226877],[-86.25676351758104,12.108560620914867],[-86.25676517234012,12.108560700399359]]],"type":"Polygon"}},{"type":"Feature","properties":{"La Selva/Jaguar Jungle":""},"geometry":{"coordinates":[[[-86.25760875347842,12.108143901085455],[-86.25761165933794,12.10814376150554],[-86.25761453721243,12.108143344110028],[-86.25761735938639,12.108142652918668],[-86.25762009868072,12.10814169458801],[-86.25762272871452,12.108140478347309],[-86.25762522415911,12.108139015909627],[-86.257627560982,12.108137321359044],[-86.25762971667832,12.108135411015013],[-86.2576316704875,12.108133303275196],[-86.25763340359333,12.108131018438284],[-86.257634899305,12.10812857850851],[-86.25763614321806,12.108126006983731],[-86.25763712335292,12.108123328629146],[-86.25763783027035,12.108120569238775],[-86.25763825716236,12.108117755387054],[-86.25763839991777,12.108114914172921],[-86.25763825716172,12.108112072958816],[-86.2576378302691,12.108109259107188],[-86.25763712335113,12.10810649971696],[-86.25763614321579,12.10810382136257],[-86.25763489930235,12.108101249838032],[-86.25763340359035,12.108098809908528],[-86.25763167048434,12.10809652507191],[-86.25762971667511,12.108094417332401],[-86.25762756097885,12.108092506988676],[-86.25762522415614,12.108090812438386],[-86.25762272871184,12.108089350000979],[-86.25762009867844,12.108088133760514],[-86.2576173593846,12.108087175430054],[-86.2576145372112,12.108086484238838],[-86.2576116593373,12.108086066843416],[-86.25760875347842,12.10808592726353],[-86.25760584761953,12.108086066843416],[-86.25760296974563,12.108086484238838],[-86.25760014757223,12.108087175430054],[-86.25759740827837,12.108088133760514],[-86.257594778245,12.108089350000979],[-86.25759228280069,12.108090812438386],[-86.25758994597798,12.108092506988676],[-86.25758779028172,12.108094417332401],[-86.25758583647249,12.10809652507191],[-86.25758410336647,12.108098809908528],[-86.25758260765448,12.108101249838032],[-86.25758136374102,12.10810382136257],[-86.2575803836057,12.10810649971696],[-86.2575796766877,12.108109259107188],[-86.25757924979511,12.108112072958816],[-86.25757910703906,12.108114914172921],[-86.25757924979446,12.108117755387054],[-86.25757967668648,12.108120569238775],[-86.25758038360391,12.108123328629146],[-86.25758136373877,12.108126006983731],[-86.25758260765181,12.10812857850851],[-86.2575841033635,12.108131018438284],[-86.25758583646933,12.108133303275196],[-86.2575877902785,12.108135411015013],[-86.25758994597481,12.108137321359044],[-86.25759228279772,12.108139015909627],[-86.25759477824231,12.108140478347309],[-86.25759740827611,12.10814169458801],[-86.25760014757044,12.108142652918668],[-86.2576029697444,12.108143344110028],[-86.25760584761889,12.10814376150554],[-86.25760875347842,12.108143901085455]]],"type":"Polygon"}},{"type":"Feature","properties":{"UAM College":""},"geometry":{"coordinates":[[[-86.25749692982171,12.108809309720757],[-86.25749843781782,12.108809237285932],[-86.2574999312911,12.108809020679038],[-86.25750139585858,12.108808661986124],[-86.25750281741568,12.1088081646616],[-86.257504182272,12.108807533494964],[-86.25750547728326,12.108806774564709],[-86.2575066899778,12.10880589517974],[-86.25750780867666,12.108804903809023],[-86.25750882260623,12.108803809999994],[-86.25750972200173,12.108802624286641],[-86.25751049820157,12.108801358088026],[-86.25751114373044,12.108800023598342],[-86.25751165237162,12.108798633669444],[-86.25751201922658,12.10879720168712],[-86.25751224076232,12.108795741442139],[-86.25751231484533,12.108794266997453],[-86.25751224076215,12.108792792552778],[-86.25751201922625,12.10879133230782],[-86.25751165237115,12.108789900325533],[-86.25751114372983,12.10878851039669],[-86.25751049820084,12.108787175907066],[-86.25750972200093,12.108785909708528],[-86.25750882260537,12.108784723995255],[-86.2575078086758,12.10878363018631],[-86.25750668997695,12.108782638815672],[-86.25750547728246,12.108781759430785],[-86.25750418227128,12.1087810005006],[-86.25750281741504,12.108780369334033],[-86.2575013958581,12.108779872009556],[-86.25749993129077,12.108779513316682],[-86.25749843781766,12.108779296709814],[-86.25749692982171,12.108779224274997],[-86.25749542182578,12.108779296709814],[-86.25749392835267,12.108779513316682],[-86.25749246378534,12.108779872009556],[-86.25749104222838,12.108780369334033],[-86.25748967737215,12.1087810005006],[-86.25748838236096,12.108781759430785],[-86.2574871696665,12.108782638815672],[-86.25748605096763,12.10878363018631],[-86.25748503703805,12.108784723995255],[-86.2574841376425,12.108785909708528],[-86.25748336144261,12.108787175907066],[-86.25748271591361,12.10878851039669],[-86.25748220727229,12.108789900325533],[-86.25748184041719,12.10879133230782],[-86.25748161888127,12.108792792552778],[-86.25748154479811,12.108794266997453],[-86.25748161888112,12.108795741442139],[-86.25748184041686,12.10879720168712],[-86.25748220727182,12.108798633669444],[-86.25748271591299,12.108800023598342],[-86.25748336144187,12.108801358088026],[-86.25748413764171,12.108802624286641],[-86.25748503703721,12.108803809999994],[-86.25748605096676,12.108804903809023],[-86.25748716966564,12.10880589517974],[-86.25748838236017,12.108806774564709],[-86.25748967737142,12.108807533494964],[-86.25749104222777,12.1088081646616],[-86.25749246378486,12.108808661986124],[-86.25749392835235,12.108809020679038],[-86.25749542182561,12.108809237285932],[-86.25749692982171,12.108809309720757]]],"type":"Polygon"}},{"type":"Feature","properties":{"Auditorio Central Rúben Darío/Ruben Darío Central Auditorium":"Ed.G"},"geometry":{"coordinates":[[[-86.25755300049023,12.108665043030204],[-86.2575550837068,12.10866494296528],[-86.25755714686089,12.108664643734187],[-86.25755917008311,12.10866414821868],[-86.25756113388879,12.108663461190849],[-86.25756301936536,12.10866258926715],[-86.25756480835469,12.108661540844684],[-86.25756648362777,12.108660326020336],[-86.25756802905087,12.108658956493532],[-86.2575694297407,12.108657445453565],[-86.25757067220783,12.108655807452577],[-86.25757174448664,12.108654058265413],[-86.25757263625049,12.108652214737711],[-86.25757333891123,12.108650294623645],[-86.25757384570184,12.10864831641497],[-86.25757415174165,12.108646299162915],[-86.25757425408335,12.108644262294717],[-86.25757415174132,12.108642225426538],[-86.25757384570119,12.108640208174531],[-86.2575733389103,12.10863822996593],[-86.25757263624932,12.108636309851962],[-86.25757174448526,12.108634466324382],[-86.2575706722063,12.108632717137358],[-86.25756942973908,12.108631079136524],[-86.25756802904922,12.108629568096715],[-86.25756648362616,12.108628198570065],[-86.25756480835315,12.108626983745873],[-86.25756301936399,12.108625935323547],[-86.25756113388762,12.108625063399966],[-86.25755917008219,12.108624376372239],[-86.25755714686024,12.108623880856806],[-86.25755508370649,12.108623581625759],[-86.25755300049023,12.10862348156085],[-86.25755091727397,12.108623581625759],[-86.25754885412022,12.108623880856806],[-86.25754683089828,12.108624376372239],[-86.25754486709286,12.108625063399966],[-86.25754298161647,12.108625935323547],[-86.25754119262731,12.108626983745873],[-86.25753951735432,12.108628198570065],[-86.25753797193124,12.108629568096715],[-86.25753657124139,12.108631079136524],[-86.25753532877418,12.108632717137358],[-86.2575342564952,12.108634466324382],[-86.25753336473115,12.108636309851962],[-86.25753266207016,12.10863822996593],[-86.25753215527926,12.108640208174531],[-86.25753184923913,12.108642225426538],[-86.25753174689713,12.108644262294717],[-86.25753184923883,12.108646299162915],[-86.25753215527864,12.10864831641497],[-86.25753266206925,12.108650294623645],[-86.25753336472998,12.108652214737711],[-86.25753425649384,12.108654058265413],[-86.25753532877263,12.108655807452577],[-86.25753657123978,12.108657445453565],[-86.25753797192961,12.108658956493532],[-86.2575395173527,12.108660326020336],[-86.2575411926258,12.108661540844684],[-86.25754298161512,12.10866258926715],[-86.25754486709168,12.108663461190849],[-86.25754683089735,12.10866414821868],[-86.25754885411959,12.108664643734187],[-86.25755091727365,12.10866494296528],[-86.25755300049023,12.108665043030204]]],"type":"Polygon"}},{"type":"Feature","properties":{"Lenguaje Center":"L.C"},"geometry":{"coordinates":[[[-86.2574640642139,12.10881002374876],[-86.25746551284938,12.108809954165245],[-86.25746694753371,12.108809746084834],[-86.25746835445008,12.108809401511456],[-86.25746972004914,12.108808923763537],[-86.25747103117939,12.108808317442053],[-86.25747227521397,12.108807588386213],[-86.25747344017208,12.108806743617222],[-86.2574745148346,12.108805791270672],[-86.25747548885192,12.108804740518181],[-86.25747635284372,12.108803601479066],[-86.25747709848929,12.108802385122903],[-86.25747771860763,12.108801103163868],[-86.25747820722671,12.108799767947923],[-86.25747855964083,12.108798392333936],[-86.25747877245605,12.108796989569814],[-86.25747884362288,12.108795573164947],[-86.2574787724559,12.108794156760089],[-86.25747855964052,12.108792753995989],[-86.25747820722627,12.108791378382035],[-86.25747771860708,12.10879004316614],[-86.25747709848862,12.108788761207164],[-86.25747635284299,12.108787544851069],[-86.25747548885114,12.10878640581203],[-86.2574745148338,12.108785355059611],[-86.25747344017131,12.10878440271314],[-86.25747227521323,12.108783557944221],[-86.25747103117872,12.10878282888845],[-86.25746972004856,12.108782222567024],[-86.25746835444963,12.108781744819154],[-86.2574669475334,12.10878140024581],[-86.25746551284922,12.10878119216542],[-86.2574640642139,12.108781122581915],[-86.25746261557859,12.10878119216542],[-86.2574611808944,12.10878140024581],[-86.25745977397816,12.108781744819154],[-86.25745840837922,12.108782222567024],[-86.25745709724907,12.10878282888845],[-86.25745585321458,12.108783557944221],[-86.25745468825649,12.10878440271314],[-86.257453613594,12.108785355059611],[-86.25745263957664,12.10878640581203],[-86.2574517755848,12.108787544851069],[-86.25745102993916,12.108788761207164],[-86.25745040982073,12.10879004316614],[-86.25744992120153,12.108791378382035],[-86.25744956878727,12.108792753995989],[-86.25744935597189,12.108794156760089],[-86.25744928480492,12.108795573164947],[-86.25744935597173,12.108796989569814],[-86.25744956878698,12.108798392333936],[-86.25744992120107,12.108799767947923],[-86.25745040982015,12.108801103163868],[-86.25745102993852,12.108802385122903],[-86.25745177558407,12.108803601479066],[-86.25745263957586,12.108804740518181],[-86.25745361359319,12.108805791270672],[-86.2574546882557,12.108806743617222],[-86.25745585321384,12.108807588386213],[-86.25745709724839,12.108808317442053],[-86.25745840837865,12.108808923763537],[-86.2574597739777,12.108809401511456],[-86.2574611808941,12.108809746084834],[-86.25746261557842,12.108809954165245],[-86.2574640642139,12.10881002374876]]],"type":"Polygon"}},{"type":"Feature","properties":{"Edificio G":"Ed.G","marker-color":"#ff0000","marker-size":"medium","marker-symbol":"circle"},"geometry":{"coordinates":[-86.2574737425542,12.108724433998432],"type":"Point"}},{"type":"Feature","properties":{"Dirección de Posgrado y Educación Continua/Directorate of Postgraduate and Continuing Education":""},"geometry":{"coordinates":[[[-86.25743667230286,12.108987905513409],[-86.25743823662386,12.108987830373131],[-86.25743978587958,12.108987605675942],[-86.25744130514985,12.108987233585797],[-86.25744277980327,12.108986717686129],[-86.25744419563812,12.108986062945334],[-86.25744553901912,12.108985275668926],[-86.25744679700878,12.10898436343881],[-86.25744795749198,12.108983335040259],[-86.25744900929261,12.108982200377314],[-86.2574499422813,12.1089809703774],[-86.2574507474728,12.108979656886094],[-86.25745141711273,12.108978272553031],[-86.25745194475208,12.108976830710104],[-86.25745232530936,12.108975345243039],[-86.25745255511964,12.108973830457707],[-86.2574526319697,12.108972300942314],[-86.25745255511947,12.108970771426927],[-86.257452325309,12.10896925664162],[-86.25745194475155,12.1089677711746],[-86.25745141711207,12.108966329331727],[-86.25745074747203,12.108964944998734],[-86.25744994228045,12.108963631507505],[-86.2574490092917,12.108962401507679],[-86.25744795749105,12.108961266844824],[-86.25744679700786,12.108960238446357],[-86.25744553901826,12.108959326216329],[-86.25744419563733,12.10895853894],[-86.2574427798026,12.108957884199274],[-86.25744130514933,12.108957368299661],[-86.25743978587923,12.108956996209558],[-86.25743823662367,12.108956771512396],[-86.25743667230286,12.108956696372127],[-86.25743510798205,12.108956771512396],[-86.25743355872648,12.108956996209558],[-86.25743203945638,12.108957368299661],[-86.25743056480309,12.108957884199274],[-86.25742914896837,12.10895853894],[-86.25742780558745,12.108959326216329],[-86.25742654759786,12.108960238446357],[-86.25742538711465,12.108961266844824],[-86.257424335314,12.108962401507679],[-86.25742340232527,12.108963631507505],[-86.25742259713367,12.108964944998734],[-86.25742192749364,12.108966329331727],[-86.25742139985415,12.1089677711746],[-86.2574210192967,12.10896925664162],[-86.25742078948625,12.108970771426927],[-86.25742071263599,12.108972300942314],[-86.25742078948606,12.108973830457707],[-86.25742101929633,12.108975345243039],[-86.25742139985364,12.108976830710104],[-86.25742192749298,12.108978272553031],[-86.25742259713289,12.108979656886094],[-86.2574234023244,12.1089809703774],[-86.25742433531309,12.108982200377314],[-86.25742538711373,12.108983335040259],[-86.25742654759694,12.10898436343881],[-86.2574278055866,12.108985275668926],[-86.25742914896759,12.108986062945334],[-86.25743056480245,12.108986717686129],[-86.25743203945585,12.108987233585797],[-86.25743355872613,12.108987605675942],[-86.25743510798185,12.108987830373131],[-86.25743667230286,12.108987905513409]]],"type":"Polygon"}},{"type":"Feature","properties":{"stroke":"#0f609f","stroke-width":2,"stroke-opacity":1,"fill":"#739df2","fill-opacity":0.5},"geometry":{"coordinates":[[[-86.25741509267995,12.109180843075464],[-86.25741490942426,12.109064201811677],[-86.25735736167991,12.109064981241033],[-86.25735707146752,12.10918013376363],[-86.25741509267995,12.109180843075464]]],"type":"Polygon"}},{"type":"Feature","properties":{"Edificio F":"Ed.F","stroke":"#9f3874","stroke-width":2,"stroke-opacity":1,"fill":"#f198de","fill-opacity":0.5},"geometry":{"coordinates":[[[-86.2575507515766,12.109028768354293],[-86.25754881948818,12.10899022228027],[-86.257583611272,12.108989229560748],[-86.25758633190802,12.108934332102578],[-86.2575503721369,12.108934332102578],[-86.25754847461187,12.108813245812925],[-86.25742798292654,12.108816874927243],[-86.25743508437775,12.109032277471044],[-86.2575507515766,12.109028768354293]]],"type":"Polygon"}},{"type":"Feature","properties":{"Sala Docente/Teaching room":"Ed.F"},"geometry":{"coordinates":[[[-86.25742948277545,12.108896553270837],[-86.25743213891363,12.108896425686389],[-86.25743476947171,12.108896044161755],[-86.25743734911602,12.108895412371226],[-86.25743985300315,12.108894536399292],[-86.25744225701929,12.10889342468204],[-86.25744453801245,12.108892087925925],[-86.25744667401541,12.108890539004637],[-86.25744864445727,12.108888792835142],[-86.25745043036164,12.108886866234005],[-86.25745201452926,12.10888477775546],[-86.25745338170375,12.10888254751269],[-86.25745451871846,12.108880196984165],[-86.25745541462334,12.10887774880676],[-86.25745606079029,12.108875226557764],[-86.25745645099643,12.10887265452781],[-86.25745658148385,12.10887005748696],[-86.2574564509959,12.108867460446135],[-86.25745606078925,12.108864888416255],[-86.25745541462183,12.108862366167381],[-86.25745451871656,12.108859917990136],[-86.25745338170151,12.108857567461813],[-86.25745201452679,12.108855337219271],[-86.257450430359,12.10885324874097],[-86.25744864445457,12.108851322140092],[-86.25744667401277,12.108849575970853],[-86.25744453800996,12.108848027049811],[-86.25744225701705,12.108846690293923],[-86.25743985300124,12.10884557857687],[-86.25743734911454,12.1088447026051],[-86.25743476947069,12.10884407081469],[-86.25743213891309,12.108843689290131],[-86.25742948277545,12.108843561705708],[-86.25742682663783,12.108843689290131],[-86.25742419608022,12.10884407081469],[-86.25742161643637,12.1088447026051],[-86.25741911254966,12.10884557857687],[-86.25741670853387,12.108846690293923],[-86.25741442754097,12.108848027049811],[-86.25741229153815,12.108849575970853],[-86.25741032109634,12.108851322140092],[-86.2574085351919,12.10885324874097],[-86.25740695102414,12.108855337219271],[-86.25740558384942,12.108857567461813],[-86.25740444683437,12.108859917990136],[-86.2574035509291,12.108862366167381],[-86.25740290476165,12.108864888416255],[-86.25740251455501,12.108867460446135],[-86.25740238406706,12.10887005748696],[-86.25740251455449,12.10887265452781],[-86.25740290476064,12.108875226557764],[-86.2574035509276,12.10887774880676],[-86.25740444683245,12.108880196984165],[-86.25740558384717,12.10888254751269],[-86.25740695102165,12.10888477775546],[-86.25740853518928,12.108886866234005],[-86.25741032109364,12.108888792835142],[-86.25741229153553,12.108890539004637],[-86.25741442753848,12.108892087925925],[-86.25741670853162,12.10889342468204],[-86.25741911254777,12.108894536399292],[-86.2574216164349,12.108895412371226],[-86.25742419607919,12.108896044161755],[-86.25742682663729,12.108896425686389],[-86.25742948277545,12.108896553270837]]],"type":"Polygon"}},{"type":"Feature","properties":{"Edificio F":"Ed.F","marker-color":"#ff0000","marker-size":"medium","marker-symbol":"circle"},"geometry":{"coordinates":[-86.25748852945925,12.108913762031477],"type":"Point"}},{"type":"Feature","properties":{"Baños Edificio E/Bathrooms Building E":""},"geometry":{"coordinates":[[[-86.25729503593146,12.109075912339136],[-86.25729681347191,12.109075826957145],[-86.25729857389368,12.109075571633452],[-86.25730030024292,12.109075148826964],[-86.25730197589395,12.109074562609534],[-86.25730358470933,12.109073818626765],[-86.25730511119531,12.10907292404361],[-86.25730654065096,12.109071887475407],[-86.25730785930986,12.109070718904865],[-86.25730905447261,12.109069429585967],[-86.25731011462912,12.109068031935552],[-86.25731102956951,12.109066539413769],[-86.25731179048242,12.109064966394408],[-86.25731239003981,12.109063328026519],[-86.25731282246765,12.109061640088475],[-86.25731308360143,12.109059918836044],[-86.25731317092627,12.10905818084583],[-86.2573130836012,12.109056442855625],[-86.2573128224672,12.10905472160323],[-86.25731239003915,12.109053033665239],[-86.25731179048155,12.109051395297422],[-86.25731102956851,12.109049822278154],[-86.25731011462801,12.109048329756472],[-86.25730905447143,12.109046932106168],[-86.25730785930867,12.109045642787384],[-86.25730654064978,12.109044474216958],[-86.2573051111942,12.109043437648863],[-86.25730358470834,12.109042543065813],[-86.2573019758931,12.10904179908313],[-86.25730030024225,12.109041212865776],[-86.25729857389321,12.109040790059339],[-86.25729681347168,12.10904053473568],[-86.25729503593146,12.109040449353701],[-86.25729325839123,12.10904053473568],[-86.2572914979697,12.109040790059339],[-86.25728977162069,12.109041212865776],[-86.25728809596981,12.10904179908313],[-86.25728648715457,12.109042543065813],[-86.25728496066873,12.109043437648863],[-86.25728353121313,12.109044474216958],[-86.25728221255424,12.109045642787384],[-86.25728101739149,12.109046932106168],[-86.2572799572349,12.109048329756472],[-86.2572790422944,12.109049822278154],[-86.25727828138136,12.109051395297422],[-86.25727768182377,12.109053033665239],[-86.25727724939571,12.10905472160323],[-86.25727698826172,12.109056442855625],[-86.25727690093665,12.10905818084583],[-86.2572769882615,12.109059918836044],[-86.25727724939526,12.109061640088475],[-86.2572776818231,12.109063328026519],[-86.25727828138051,12.109064966394408],[-86.2572790422934,12.109066539413769],[-86.2572799572338,12.109068031935552],[-86.2572810173903,12.109069429585967],[-86.25728221255305,12.109070718904865],[-86.25728353121195,12.109071887475407],[-86.2572849606676,12.10907292404361],[-86.25728648715358,12.109073818626765],[-86.25728809596897,12.109074562609534],[-86.25728977162,12.109075148826964],[-86.25729149796925,12.109075571633452],[-86.25729325839102,12.109075826957145],[-86.25729503593146,12.109075912339136]]],"type":"Polygon"}},{"type":"Feature","properties":{"Vida Estudiantil":"V.E","marker-color":"#fd1c1c","marker-size":"medium","marker-symbol":"circle"},"geometry":{"coordinates":[-86.25738681333878,12.109123155791224],"type":"Point"}},{"type":"Feature","properties":{"Facultad de Medicina//Medicine Faculty":""},"geometry":{"coordinates":[[[-86.25728767061257,12.10921003549061],[-86.25728971253214,12.10920993740954],[-86.25729173478688,12.109209644110905],[-86.25729371790142,12.109209158419333],[-86.25729564277722,12.1092084850123],[-86.25729749087671,12.10920763037508],[-86.2572992444017,12.109206602738306],[-86.25730088646473,12.109205411998678],[-86.25730240125183,12.109204069623676],[-86.25730377417483,12.109202588541104],[-86.2573049920117,12.109200983014603],[-86.25730604303399,12.10919926850627],[-86.25730691711982,12.109197461527756],[-86.25730760585122,12.109195579481261],[-86.25730810259539,12.109193640491917],[-86.25730840256837,12.109191663233258],[-86.25730850288129,12.10918966674736],[-86.25730840256807,12.109187670261477],[-86.25730810259479,12.10918569300286],[-86.25730760585036,12.109183754013591],[-86.2573069171187,12.109181871967191],[-86.25730604303267,12.109180064988795],[-86.25730499201023,12.1091783504806],[-86.2573037741733,12.109176744954242],[-86.25730240125024,12.109175263871823],[-86.25730088646316,12.10917392149697],[-86.25729924440023,12.10917273075749],[-86.25729749087542,12.109171703120849],[-86.2572956427761,12.10917084848375],[-86.25729371790054,12.109170175076809],[-86.25729173478628,12.10916968938531],[-86.25728971253181,12.109169396086719],[-86.25728767061257,12.109169298005664],[-86.25728562869332,12.109169396086719],[-86.25728360643886,12.10916968938531],[-86.25728162332462,12.109170175076809],[-86.25727969844904,12.10917084848375],[-86.25727785034974,12.109171703120849],[-86.25727609682492,12.10917273075749],[-86.257274454762,12.10917392149697],[-86.2572729399749,12.109175263871823],[-86.25727156705187,12.109176744954242],[-86.25727034921492,12.1091783504806],[-86.25726929819248,12.109180064988795],[-86.25726842410646,12.109181871967191],[-86.2572677353748,12.109183754013591],[-86.25726723863038,12.10918569300286],[-86.25726693865708,12.109187670261477],[-86.25726683834387,12.10918966674736],[-86.25726693865677,12.109191663233258],[-86.25726723862977,12.109193640491917],[-86.25726773537393,12.109195579481261],[-86.25726842410535,12.109197461527756],[-86.25726929819116,12.10919926850627],[-86.25727034921344,12.109200983014603],[-86.25727156705032,12.109202588541104],[-86.2572729399733,12.109204069623676],[-86.25727445476043,12.109205411998678],[-86.25727609682345,12.109206602738306],[-86.25727785034843,12.10920763037508],[-86.25727969844792,12.1092084850123],[-86.25728162332373,12.109209158419333],[-86.25728360643826,12.109209644110905],[-86.257285628693,12.10920993740954],[-86.25728767061257,12.10921003549061]]],"type":"Polygon"}},{"type":"Feature","properties":{"Centro de Cardiología/Cardiology Center":""},"geometry":{"coordinates":[[[-86.25728859127811,12.108972355401663],[-86.25729044945301,12.108972266146504],[-86.25729228973265,12.1089719992406],[-86.25729409439414,12.108971557254405],[-86.2572958460576,12.10897094444449],[-86.25729752785357,12.108970166712544],[-86.2572991235854,12.108969231548555],[-86.25730061788535,12.108968147958668],[-86.25730199636247,12.108966926378448],[-86.25730324574128,12.108965578572377],[-86.2573043539896,12.10896411752057],[-86.25730531043436,12.10896255729375],[-86.25730610586447,12.108960912917766],[-86.25730673261957,12.108959200228854],[-86.25730718466359,12.108957435721146],[-86.25730745764315,12.108955636387813],[-86.25730754892929,12.108953819557424],[-86.2573074576429,12.108952002727046],[-86.25730718466308,12.108950203393752],[-86.25730673261883,12.108948438886102],[-86.25730610586355,12.10894672619727],[-86.25730531043325,12.108945081821382],[-86.25730435398837,12.108943521594677],[-86.25730324574,12.10894206054299],[-86.25730199636116,12.108940712737045],[-86.25730061788407,12.108939491156947],[-86.25729912358419,12.108938407567182],[-86.25729752785249,12.108937472403303],[-86.25729584605666,12.108936694671458],[-86.25729409439342,12.108936081861621],[-86.25729228973215,12.108935639875487],[-86.25729044945275,12.10893537296962],[-86.25728859127811,12.108935283714471],[-86.2572867331035,12.10893537296962],[-86.2572848928241,12.108935639875487],[-86.25728308816284,12.108936081861621],[-86.25728133649957,12.108936694671458],[-86.25727965470377,12.108937472403303],[-86.25727805897206,12.108938407567182],[-86.25727656467218,12.108939491156947],[-86.25727518619509,12.108940712737045],[-86.25727393681625,12.10894206054299],[-86.25727282856786,12.108943521594677],[-86.25727187212297,12.108945081821382],[-86.2572710766927,12.10894672619727],[-86.25727044993742,12.108948438886102],[-86.25726999789315,12.108950203393752],[-86.25726972491336,12.108952002727046],[-86.25726963362695,12.108953819557424],[-86.2572697249131,12.108955636387813],[-86.25726999789265,12.108957435721146],[-86.25727044993668,12.108959200228854],[-86.25727107669175,12.108960912917766],[-86.25727187212189,12.10896255729375],[-86.25727282856666,12.10896411752057],[-86.25727393681497,12.108965578572377],[-86.25727518619377,12.108966926378448],[-86.25727656467089,12.108968147958668],[-86.25727805897083,12.108969231548555],[-86.25727965470269,12.108970166712544],[-86.25728133649865,12.10897094444449],[-86.25728308816211,12.108971557254405],[-86.2572848928236,12.1089719992406],[-86.25728673310323,12.108972266146504],[-86.25728859127811,12.108972355401663]]],"type":"Polygon"}},{"type":"Feature","properties":{"Consultorio de Medicina/Medical Clinic":""},"geometry":{"coordinates":[[[-86.25728398795297,12.108813517320044],[-86.25728662354499,12.108813390722462],[-86.25728923375479,12.108813012148916],[-86.25729179344467,12.108812385245285],[-86.25729427796334,12.108811516048986],[-86.25729666338357,12.108810412930863],[-86.25729892673245,12.108809086514551],[-86.25730104621269,12.10880754957416],[-86.2573030014125,12.108805816911275],[-86.25730477350227,12.108803905212389],[-86.25730634541581,12.10880183288821],[-86.25730770201471,12.108799619896358],[-86.25730883023422,12.108797287549159],[-86.25730971920895,12.10879485830839],[-86.2573103603776,12.108792355568971],[-86.25731074756537,12.108789803433655],[-86.25731087704342,12.108787226480898],[-86.25731074756486,12.10878464952817],[-86.2573103603766,12.108782097392927],[-86.25730971920748,12.108779594653628],[-86.25730883023236,12.10877716541302],[-86.25730770201251,12.108774833066015],[-86.25730634541337,12.108772620074388],[-86.25730477349968,12.108770547750453],[-86.25730300140985,12.108768636051819],[-86.25730104621007,12.108766903389187],[-86.25729892673,12.108765366449038],[-86.25729666338137,12.108764040032948],[-86.25729427796145,12.10876293691502],[-86.25729179344317,12.108762067718883],[-86.25728923375378,12.10876144081537],[-86.25728662354447,12.108761062241902],[-86.25728398795297,12.108760935644343],[-86.25728135236147,12.108761062241902],[-86.25727874215217,12.10876144081537],[-86.25727618246276,12.108762067718883],[-86.25727369794448,12.10876293691502],[-86.25727131252458,12.108764040032948],[-86.25726904917595,12.108765366449038],[-86.25726692969586,12.108766903389187],[-86.2572649744961,12.108768636051819],[-86.25726320240628,12.108770547750453],[-86.2572616304926,12.108772620074388],[-86.25726027389344,12.108774833066015],[-86.2572591456736,12.10877716541302],[-86.25725825669848,12.108779594653628],[-86.25725761552937,12.108782097392927],[-86.2572572283411,12.10878464952817],[-86.25725709886252,12.108787226480898],[-86.25725722834059,12.108789803433655],[-86.25725761552836,12.108792355568971],[-86.25725825669699,12.10879485830839],[-86.25725914567171,12.108797287549159],[-86.25726027389122,12.108799619896358],[-86.25726163049015,12.10880183288821],[-86.25726320240366,12.108803905212389],[-86.25726497449345,12.108805816911275],[-86.25726692969327,12.10880754957416],[-86.2572690491735,12.108809086514551],[-86.25727131252239,12.108810412930863],[-86.25727369794262,12.108811516048986],[-86.2572761824613,12.108812385245285],[-86.25727874215114,12.108813012148916],[-86.25728135236096,12.108813390722462],[-86.25728398795297,12.108813517320044]]],"type":"Polygon"}},{"type":"Feature","properties":{"Edificio E":"Ed.E","marker-color":"#e60000","marker-size":"medium","marker-symbol":"circle"},"geometry":{"coordinates":[-86.25729124022664,12.10898850804979],"type":"Point"}},{"type":"Feature","properties":{"R.R.P.P.":"Nose","stroke":"#c440b3","stroke-width":2,"stroke-opacity":1,"fill":"#ff47c5","fill-opacity":0.5},"geometry":{"coordinates":[[[-86.2574219537086,12.109346664907264],[-86.25742190915751,12.109287177376657],[-86.25730539912506,12.109293179503652],[-86.25730848339589,12.109350211465028],[-86.2574219537086,12.109346664907264]]],"type":"Polygon"}},{"type":"Feature","properties":{"Baños Biblioteca/Library Bathrooms ":""},"geometry":{"coordinates":[[[-86.25798690191431,12.10906862192211],[-86.25798831922947,12.109068553843105],[-86.2579897228951,12.109068350261731],[-86.25799109939317,12.109068013138588],[-86.25799243546719,12.109067545720354],[-86.25799371825006,12.109066952508527],[-86.2579949353879,12.10906623921606],[-86.25799607515899,12.109065412712349],[-86.25799712658669,12.109064480957077],[-86.2579980795452,12.109063452923564],[-86.25799892485702,12.109062338512325],[-86.2579996543813,12.109061148455762],[-86.25800026109233,12.109059894214761],[-86.25800073914718,12.109058587868358],[-86.25800108394192,12.109057241997379],[-86.25800129215597,12.109055869563297],[-86.25800136178412,12.109054483783407],[-86.25800129215581,12.109053098003521],[-86.25800108394164,12.109051725569461],[-86.25800073914677,12.109050379698516],[-86.2580002610918,12.109049073352159],[-86.25799965438065,12.109047819111213],[-86.2579989248563,12.109046629054715],[-86.25799807954445,12.109045514643547],[-86.25799712658592,12.109044486610108],[-86.25799607515822,12.10904355485491],[-86.2579949353872,12.109042728351268],[-86.25799371824944,12.109042015058865],[-86.25799243546665,12.109041421847097],[-86.25799109939274,12.109040954428908],[-86.25798972289482,12.1090406173058],[-86.25798831922933,12.109040413724449],[-86.25798690191431,12.109040345645452],[-86.2579854845993,12.109040413724449],[-86.25798408093381,12.1090406173058],[-86.25798270443589,12.109040954428908],[-86.25798136836197,12.109041421847097],[-86.25798008557919,12.109042015058865],[-86.25797886844141,12.109042728351268],[-86.2579777286704,12.10904355485491],[-86.2579766772427,12.109044486610108],[-86.25797572428418,12.109045514643547],[-86.25797487897232,12.109046629054715],[-86.25797414944796,12.109047819111213],[-86.25797354273682,12.109049073352159],[-86.25797306468185,12.109050379698516],[-86.25797271988698,12.109051725569461],[-86.25797251167279,12.109053098003521],[-86.2579724420445,12.109054483783407],[-86.25797251167265,12.109055869563297],[-86.2579727198867,12.109057241997379],[-86.25797306468142,12.109058587868358],[-86.25797354273628,12.109059894214761],[-86.25797414944732,12.109061148455762],[-86.25797487897161,12.109062338512325],[-86.25797572428341,12.109063452923564],[-86.25797667724193,12.109064480957077],[-86.25797772866963,12.109065412712349],[-86.25797886844073,12.10906623921606],[-86.25798008557857,12.109066952508527],[-86.25798136836144,12.109067545720354],[-86.25798270443546,12.109068013138588],[-86.2579840809335,12.109068350261731],[-86.25798548459915,12.109068553843105],[-86.25798690191431,12.10906862192211]]],"type":"Polygon"}},{"type":"Feature","properties":{"Dirección de Innovación y Emprendimiento/Directorate of Innovation and Entrepreneurship":"","marker-color":"#f50000","marker-size":"medium","marker-symbol":"circle"},"geometry":{"coordinates":[-86.25736361089503,12.10931584942908],"type":"Point"}},{"type":"Feature","properties":{"Mesas Vida Estudiantil/Mesas Vida Estudiantil/Student Life Tables":"V.E"},"geometry":{"coordinates":[[[-86.25740267985717,12.109266191674783],[-86.25740596525368,12.109266033864866],[-86.25740921901,12.109265561954915],[-86.25741240979067,12.109264780489678],[-86.25741550686675,12.109263696995097],[-86.25741848041166,12.109262321905822],[-86.25742130178855,12.10926066846472],[-86.25742394382601,12.109258752595334],[-86.25742638107977,12.10925659274854],[-86.25742859007774,12.109254209724847],[-86.25743054954606,12.109251626474087],[-86.25743224061398,12.10924886787438],[-86.25743364699561,12.109245960492553],[-86.25743475514672,12.109242932328286],[-86.25743555439523,12.10923981254446],[-86.25743603704396,12.109236631186306],[-86.25743619844471,12.109233418892039],[-86.25743603704315,12.10923020659781],[-86.25743555439365,12.109227025239768],[-86.25743475514444,12.10922390545613],[-86.2574336469927,12.109220877292113],[-86.25743224061056,12.10921796991059],[-86.25743054954225,12.10921521131123],[-86.2574285900737,12.109212628060849],[-86.25742638107566,12.109210245037547],[-86.25742394382199,12.109208085191147],[-86.25742130178476,12.109206169322139],[-86.25741848040826,12.109204515881382],[-86.25741550686384,12.109203140792411],[-86.25741240978839,12.109202057298083],[-86.25740921900842,12.109201275833032],[-86.25740596525287,12.109200803923194],[-86.25740267985717,12.109200646113315],[-86.25739939446147,12.109200803923194],[-86.25739614070594,12.109201275833032],[-86.25739294992596,12.109202057298083],[-86.25738985285051,12.109203140792411],[-86.2573868793061,12.109204515881382],[-86.25738405792958,12.109206169322139],[-86.25738141589237,12.109208085191147],[-86.25737897863868,12.109210245037547],[-86.25737676964064,12.109212628060849],[-86.2573748101721,12.10921521131123],[-86.25737311910379,12.10921796991059],[-86.25737171272164,12.109220877292113],[-86.25737060456991,12.10922390545613],[-86.25736980532069,12.109227025239768],[-86.2573693226712,12.10923020659781],[-86.25736916126964,12.109233418892039],[-86.2573693226704,12.109236631186306],[-86.2573698053191,12.10923981254446],[-86.25737060456764,12.109242932328286],[-86.25737171271875,12.109245960492553],[-86.25737311910038,12.10924886787438],[-86.2573748101683,12.109251626474087],[-86.25737676963661,12.109254209724847],[-86.25737897863458,12.10925659274854],[-86.25738141588833,12.109258752595334],[-86.25738405792579,12.10926066846472],[-86.25738687930269,12.109262321905822],[-86.2573898528476,12.109263696995097],[-86.25739294992367,12.109264780489678],[-86.25739614070436,12.109265561954915],[-86.25739939446068,12.109266033864866],[-86.25740267985717,12.109266191674783]]],"type":"Polygon"}},{"type":"Feature","properties":{},"geometry":{"coordinates":[[-86.25803698890671,12.109058746577219],[-86.25804317540921,12.109328035388309],[-86.25798555932711,12.109327871781986],[-86.25797591870736,12.10908862206567]],"type":"LineString"}},{"type":"Feature","properties":{"VicePresidencia/VicePresidency":""},"geometry":{"coordinates":[[[-86.25803589616001,12.109068722148004],[-86.25803718160128,12.109068660403397],[-86.25803845466307,12.109068475764214],[-86.25803970308506,12.109068170008628],[-86.25804091484426,12.109067746081235],[-86.25804207827082,12.109067208064687],[-86.25804318216022,12.109066561140379],[-86.25804421588147,12.109065811538546],[-86.25804516947926,12.109064966478263],[-86.25804603376989,12.109064034097923],[-86.2580468004298,12.109063023376864],[-86.2580474620756,12.109061944048879],[-86.25804801233531,12.10906080650849],[-86.25804844590962,12.109059621710829],[-86.25804875862299,12.10905840106615],[-86.25804894746379,12.109057156329929],[-86.2580490106134,12.109055899489652],[-86.25804894746366,12.109054642649381],[-86.25804875862275,12.109053397913176],[-86.25804844590928,12.109052177268525],[-86.25804801233488,12.109050992470904],[-86.25804746207507,12.10904985493056],[-86.25804680042921,12.109048775602629],[-86.25804603376926,12.109047764881629],[-86.25804516947862,12.109046832501349],[-86.25804421588087,12.109045987441126],[-86.25804318215965,12.10904523783935],[-86.25804207827028,12.109044590915095],[-86.25804091484383,12.109044052898593],[-86.2580397030847,12.109043628971238],[-86.25803845466281,12.109043323215678],[-86.25803718160117,12.109043138576515],[-86.25803589616001,12.109043076831915],[-86.25803461071884,12.109043138576515],[-86.2580333376572,12.109043323215678],[-86.2580320892353,12.109043628971238],[-86.25803087747619,12.109044052898593],[-86.25802971404973,12.109044590915095],[-86.25802861016035,12.10904523783935],[-86.25802757643913,12.109045987441126],[-86.25802662284138,12.109046832501349],[-86.25802575855074,12.109047764881629],[-86.25802499189079,12.109048775602629],[-86.25802433024494,12.10904985493056],[-86.25802377998512,12.109050992470904],[-86.25802334641072,12.109052177268525],[-86.25802303369726,12.109053397913176],[-86.25802284485634,12.109054642649381],[-86.2580227817066,12.109055899489652],[-86.25802284485621,12.109057156329929],[-86.25802303369701,12.10905840106615],[-86.25802334641038,12.109059621710829],[-86.25802377998468,12.10906080650849],[-86.25802433024441,12.109061944048879],[-86.25802499189021,12.109063023376864],[-86.25802575855012,12.109064034097923],[-86.25802662284075,12.109064966478263],[-86.25802757643852,12.109065811538546],[-86.25802861015978,12.109066561140379],[-86.25802971404919,12.109067208064687],[-86.25803087747575,12.109067746081235],[-86.25803208923494,12.109068170008628],[-86.25803333765694,12.109068475764214],[-86.25803461071872,12.109068660403397],[-86.25803589616001,12.109068722148004]]],"type":"Polygon"}},{"type":"Feature","properties":{"Dirección Academica/Academic Direction":""},"geometry":{"coordinates":[[[-86.25804018536603,12.109124022446125],[-86.25804144016362,12.109123962173463],[-86.25804268287685,12.109123781935926],[-86.25804390153765,12.109123483469311],[-86.25804508440969,12.109123069648012],[-86.25804622010126,12.109122544457351],[-86.25804729767502,12.109121912955205],[-86.25804830675334,12.109121181223282],[-86.25804923761827,12.109120356308566],[-86.25805008130504,12.109119446155436],[-86.2580508296885,12.109118459529164],[-86.2580514755613,12.109117405931501],[-86.25805201270336,12.109116295509168],[-86.25805243594169,12.109115138956144],[-86.25805274120025,12.109113947410666],[-86.2580529255393,12.109112732347965],[-86.25805298718349,12.109111505469762],[-86.25805292553918,12.109110278591565],[-86.25805274120003,12.109109063528878],[-86.25805243594135,12.109107871983426],[-86.25805201270293,12.109106715430439],[-86.2580514755608,12.10910560500815],[-86.25805082968795,12.109104551410539],[-86.25805008130446,12.109103564784322],[-86.25804923761767,12.109102654631249],[-86.25804830675276,12.10910182971659],[-86.25804729767447,12.109101097984723],[-86.25804622010075,12.109100466482627],[-86.25804508440928,12.109099941292012],[-86.25804390153732,12.109099527470747],[-86.2580426828766,12.109099229004158],[-86.25804144016352,12.109099048766641],[-86.25804018536603,12.109098988493983],[-86.25803893056855,12.109099048766641],[-86.25803768785546,12.109099229004158],[-86.25803646919478,12.109099527470747],[-86.25803528632282,12.109099941292012],[-86.25803415063133,12.109100466482627],[-86.25803307305763,12.109101097984723],[-86.25803206397933,12.10910182971659],[-86.25803113311443,12.109102654631249],[-86.25803028942762,12.109103564784322],[-86.25802954104412,12.109104551410539],[-86.25802889517126,12.10910560500815],[-86.25802835802914,12.109106715430439],[-86.25802793479073,12.109107871983426],[-86.25802762953205,12.109109063528878],[-86.25802744519292,12.109110278591565],[-86.25802738354861,12.109111505469762],[-86.2580274451928,12.109112732347965],[-86.25802762953182,12.109113947410666],[-86.25802793479039,12.109115138956144],[-86.25802835802872,12.109116295509168],[-86.25802889517078,12.109117405931501],[-86.25802954104358,12.109118459529164],[-86.25803028942705,12.109119446155436],[-86.2580311331138,12.109120356308566],[-86.25803206397873,12.109121181223282],[-86.25803307305706,12.109121912955205],[-86.25803415063083,12.109122544457351],[-86.25803528632238,12.109123069648012],[-86.25803646919442,12.109123483469311],[-86.25803768785524,12.109123781935926],[-86.25803893056845,12.109123962173463],[-86.25804018536603,12.109124022446125]]],"type":"Polygon"}},{"type":"Feature","properties":{"Rectoria/Rectory":""},"geometry":{"coordinates":[[[-86.25804259648123,12.109196543585949],[-86.2580438687436,12.1091964824744],[-86.25804512875338,12.109196299728294],[-86.25804636437599,12.109195997107577],[-86.25804756371171,12.109195577526647],[-86.2580487152103,12.1091950450263],[-86.25804980778216,12.109194404734811],[-86.25805083090525,12.109193662818537],[-86.2580517747263,12.109192826422534],[-86.25805263015585,12.109191903601754],[-86.25805338895562,12.109190903243466],[-86.25805404381794,12.10918983498167],[-86.25805458843614,12.109188709104313],[-86.25805501756525,12.10918753645421],[-86.25805532707254,12.109186328324617],[-86.25805551397728,12.10918509635049],[-86.25805557647945,12.109183852396411],[-86.25805551397715,12.109182608442339],[-86.25805532707231,12.109181376468229],[-86.25805501756491,12.109180168338666],[-86.25805458843571,12.109178995688598],[-86.25805404381741,12.109177869811289],[-86.25805338895503,12.109176801549543],[-86.25805263015525,12.109175801191313],[-86.25805177472569,12.109174878370592],[-86.25805083090462,12.109174041974649],[-86.25804980778157,12.109173300058426],[-86.2580487152098,12.10917265976699],[-86.2580475637113,12.109172127266692],[-86.25804636437566,12.109171707685801],[-86.25804512875314,12.10917140506511],[-86.2580438687435,12.109171222319018],[-86.25804259648123,12.109171161207476],[-86.25804132421898,12.109171222319018],[-86.25804006420931,12.10917140506511],[-86.2580388285868,12.109171707685801],[-86.25803762925118,12.109172127266692],[-86.25803647775268,12.10917265976699],[-86.25803538518089,12.109173300058426],[-86.25803436205783,12.109174041974649],[-86.25803341823679,12.109174878370592],[-86.25803256280723,12.109175801191313],[-86.25803180400744,12.109176801549543],[-86.25803114914507,12.109177869811289],[-86.25803060452677,12.109178995688598],[-86.25803017539756,12.109180168338666],[-86.25802986589015,12.109181376468229],[-86.25802967898531,12.109182608442339],[-86.25802961648301,12.109183852396411],[-86.2580296789852,12.10918509635049],[-86.25802986588992,12.109186328324617],[-86.25803017539721,12.10918753645421],[-86.25803060452634,12.109188709104313],[-86.25803114914454,12.10918983498167],[-86.25803180400686,12.109190903243466],[-86.25803256280663,12.109191903601754],[-86.25803341823617,12.109192826422534],[-86.25803436205723,12.109193662818537],[-86.25803538518032,12.109194404734811],[-86.25803647775217,12.1091950450263],[-86.25803762925075,12.109195577526647],[-86.25803882858646,12.109195997107577],[-86.2580400642091,12.109196299728294],[-86.25804132421887,12.1091964824744],[-86.25804259648123,12.109196543585949]]],"type":"Polygon"}},{"type":"Feature","properties":{"Presidencia/Presidency":""},"geometry":{"coordinates":[[[-86.25804110875606,12.109289172478052],[-86.2580423667852,12.109289112050204],[-86.25804361269883,12.109288931348615],[-86.25804483449812,12.109288632113538],[-86.2580460204165,12.109288217226773],[-86.25804715903284,12.109287690683903],[-86.25804823938176,12.109287057555832],[-86.25804925105881,12.109286323939923],[-86.25805018432105,12.1092854969013],[-86.25805103018061,12.1092845844048],[-86.25805178049143,12.109283595238265],[-86.25805242802758,12.10928253892791],[-86.25805296655298,12.10928142564658],[-86.25805339088129,12.10928026611578],[-86.258053696926,12.109279071502431],[-86.25805388173977,12.109277853311314],[-86.25805394354272,12.109276623274274],[-86.25805388173967,12.109275393237239],[-86.25805369692578,12.109274175046139],[-86.25805339088096,12.109272980432815],[-86.25805296655254,12.109271820902054],[-86.25805242802709,12.109270707620768],[-86.25805178049086,12.109269651310463],[-86.25805103018003,12.10926866214398],[-86.25805018432044,12.109267749647541],[-86.25804925105822,12.109266922608976],[-86.25804823938121,12.109266188993123],[-86.25804715903236,12.1092655558651],[-86.25804602041606,12.109265029322277],[-86.2580448344978,12.109264614435551],[-86.25804361269861,12.1092643152005],[-86.25804236678508,12.109264134498927],[-86.25804110875606,12.109264074071087],[-86.25803985072703,12.109264134498927],[-86.2580386048135,12.1092643152005],[-86.25803738301433,12.109264614435551],[-86.25803619709606,12.109265029322277],[-86.25803505847976,12.1092655558651],[-86.25803397813091,12.109266188993123],[-86.2580329664539,12.109266922608976],[-86.25803203319168,12.109267749647541],[-86.2580311873321,12.10926866214398],[-86.25803043702123,12.109269651310463],[-86.25802978948502,12.109270707620768],[-86.25802925095955,12.109271820902054],[-86.25802882663116,12.109272980432815],[-86.25802852058634,12.109274175046139],[-86.25802833577245,12.109275393237239],[-86.2580282739694,12.109276623274274],[-86.25802833577235,12.109277853311314],[-86.25802852058611,12.109279071502431],[-86.25802882663083,12.10928026611578],[-86.25802925095914,12.10928142564658],[-86.25802978948454,12.10928253892791],[-86.2580304370207,12.109283595238265],[-86.25803118733151,12.1092845844048],[-86.25803203319106,12.1092854969013],[-86.2580329664533,12.109286323939923],[-86.25803397813036,12.109287057555832],[-86.25803505847925,12.109287690683903],[-86.25803619709562,12.109288217226773],[-86.25803738301398,12.109288632113538],[-86.25803860481328,12.109288931348615],[-86.2580398507269,12.109289112050204],[-86.25804110875606,12.109289172478052]]],"type":"Polygon"}},{"type":"Feature","properties":{"Edificio I":"Ed.I","stroke":"#04b491","stroke-width":2,"stroke-opacity":1,"fill":"#0bf992","fill-opacity":0.5},"geometry":{"coordinates":[[[-86.25811010597276,12.109303479137608],[-86.25810012809735,12.10896383980986],[-86.25794435967036,12.10896383980986],[-86.25794455495111,12.109070229892453],[-86.25800973232072,12.109074104712093],[-86.25801520189296,12.109305393582332],[-86.25811010597276,12.109303479137608]]],"type":"Polygon"}},{"type":"Feature","properties":{"Biblioteca":"Ed.I","stroke":"#9e7505","stroke-width":2,"stroke-opacity":1,"fill":"#c78a05","fill-opacity":0.5},"geometry":{"coordinates":[[[-86.2581138654903,12.109414816698731],[-86.25811141340445,12.109303479137608],[-86.25800139812601,12.10930542939738],[-86.25799623733324,12.109108788273716],[-86.25787242201565,12.109113348690002],[-86.25788566177484,12.109422643087129],[-86.2581138654903,12.109414816698731]]],"type":"Polygon"}},{"type":"Feature","properties":{"Edificio I":"Ed.I","marker-color":"#ff0000","marker-size":"medium","marker-symbol":"circle"},"geometry":{"coordinates":[-86.25800576666148,12.109196523014106],"type":"Point"}},{"type":"Feature","properties":{"Biblioteca Pablo Antonio Cuadra/Pablo Antonio Cuadra Library":"Ed.I"},"geometry":{"coordinates":[[[-86.2579625148096,12.10945816569705],[-86.2579664858225,12.109457974954548],[-86.25797041859234,12.109457404563999],[-86.2579742752444,12.109456460018583],[-86.25797801863699,12.109455150414785],[-86.25798161271919,12.109453488364814],[-86.25798502287802,12.109451489875127],[-86.25798821627176,12.109449174192276],[-86.25799116214627,12.109446563617569],[-86.2579938321312,12.109443683292264],[-86.2579962005131,12.109440560955488],[-86.25799824448322,12.10943722667705],[-86.25799994435695,12.109433712567887],[-86.25800128376362,12.109430052470795],[-86.25800224980402,12.109426281634514],[-86.25800283317467,12.109422436374265],[-86.2580030282574,12.10941855372201],[-86.25800283317349,12.10941467106981],[-86.25800224980172,12.109410825809729],[-86.25800128376028,12.10940705497372],[-86.2579999443527,12.109403394876995],[-86.2579982444782,12.109399880768276],[-86.25799620050756,12.109396546490345],[-86.2579938321253,12.10939342415412],[-86.25799116214026,12.109390543829392],[-86.25798821626586,12.109387933255253],[-86.25798502287245,12.109385617572956],[-86.2579816127142,12.109383619083777],[-86.25797801863274,12.10938195703425],[-86.25797427524105,12.109380647430818],[-86.25797041859003,12.109379702885672],[-86.25796648582131,12.10937913249529],[-86.2579625148096,12.109378941752848],[-86.25795854379787,12.10937913249529],[-86.25795461102918,12.109379702885672],[-86.25795075437814,12.109380647430818],[-86.25794701098647,12.10938195703425],[-86.25794341690501,12.109383619083777],[-86.25794000674674,12.109385617572956],[-86.25793681335334,12.109387933255253],[-86.25793386747893,12.109390543829392],[-86.25793119749389,12.10939342415412],[-86.25792882911163,12.109396546490345],[-86.25792678514098,12.109399880768276],[-86.2579250852665,12.109403394876995],[-86.25792374585892,12.10940705497372],[-86.25792277981749,12.109410825809729],[-86.2579221964457,12.10941467106981],[-86.25792200136178,12.10941855372201],[-86.25792219644453,12.109422436374265],[-86.25792277981517,12.109426281634514],[-86.25792374585559,12.109430052470795],[-86.25792508526224,12.109433712567887],[-86.257926785136,12.10943722667705],[-86.25792882910608,12.109440560955488],[-86.25793119748799,12.109443683292264],[-86.25793386747291,12.109446563617569],[-86.25793681334744,12.109449174192276],[-86.25794000674118,12.109451489875127],[-86.25794341689999,12.109453488364814],[-86.2579470109822,12.109455150414785],[-86.2579507543748,12.109456460018583],[-86.25795461102686,12.109457404563999],[-86.25795854379672,12.109457974954548],[-86.2579625148096,12.10945816569705]]],"type":"Polygon"}},{"type":"Feature","properties":{"Jaguar Center":"J.C","stroke":"#1b35b6","stroke-width":2,"stroke-opacity":1,"fill":"#6998f7","fill-opacity":0.5},"geometry":{"coordinates":[[[-86.25850518912596,12.10927079931541],[-86.25850033073077,12.108905074753793],[-86.25815297648771,12.108920891057693],[-86.25814995862982,12.109277599499052],[-86.25832245793589,12.109297959423621],[-86.25850518912596,12.10927079931541]]],"type":"Polygon"}},{"type":"Feature","properties":{"Canchas ":"Canchas","stroke":"#358d3b","stroke-width":2,"stroke-opacity":1,"fill":"#37f165","fill-opacity":0.5},"geometry":{"coordinates":[[[-86.2588487493635,12.109124500256215],[-86.2588400396026,12.108827479757153],[-86.25869015420227,12.108836436996967],[-86.25870957025614,12.109130242836997],[-86.2588487493635,12.109124500256215]]],"type":"Polygon"}},{"type":"Feature","properties":{"marker-color":"#ff0000","marker-size":"medium","marker-symbol":"circle"},"geometry":{"coordinates":[-86.25879494105465,12.109001360407746],"type":"Point"}},{"type":"Feature","properties":{"Canchas Multiusos":""},"geometry":{"coordinates":[[[-86.25879702406559,12.109012807482294],[-86.25880021331555,12.109012654290517],[-86.25880337185126,12.109012196190498],[-86.2588064692543,12.109011437593997],[-86.25880947569499,12.109010385806716],[-86.25881236221964,12.10900905095794],[-86.25881510102944,12.109007445903005],[-86.25881766574814,12.109005586099462],[-86.25882003167611,12.10900348945825],[-86.25882217602815,12.109001176171171],[-86.25882407815298,12.108998668516447],[-86.2588257197321,12.108995990644177],[-86.25882708495624,12.10899316834373],[-86.25882816067752,12.10899022879541],[-86.25882893653616,12.10898720030868],[-86.25882940506028,12.108984112049525],[-86.25882956173768,12.108980993759566],[-86.25882940505952,12.108977875469645],[-86.2588289365347,12.108974787210599],[-86.25882816067536,12.108971758724042],[-86.2588270849535,12.108968819175958],[-86.25882571972889,12.108965996875801],[-86.25882407814939,12.108963319003855],[-86.25882217602434,12.108960811349487],[-86.25882003167223,12.108958498062778],[-86.25881766574435,12.108956401421937],[-86.25881510102586,12.10895454161875],[-86.25881236221643,12.10895293656414],[-86.25880947569226,12.108951601715653],[-86.25880646925216,12.108950549928606],[-86.25880337184978,12.108949791332282],[-86.25880021331479,12.108949333232374],[-86.25879702406559,12.108949180040629],[-86.2587938348164,12.108949333232374],[-86.25879067628141,12.108949791332282],[-86.25878757887904,12.108950549928606],[-86.25878457243893,12.108951601715653],[-86.25878168591476,12.10895293656414],[-86.25877894710533,12.10895454161875],[-86.25877638238684,12.108956401421937],[-86.25877401645897,12.108958498062778],[-86.25877187210685,12.108960811349487],[-86.2587699699818,12.108963319003855],[-86.2587683284023,12.108965996875801],[-86.25876696317769,12.108968819175958],[-86.25876588745584,12.108971758724042],[-86.2587651115965,12.108974787210599],[-86.25876464307169,12.108977875469645],[-86.25876448639352,12.108980993759566],[-86.25876464307093,12.108984112049525],[-86.25876511159501,12.10898720030868],[-86.25876588745368,12.10899022879541],[-86.25876696317496,12.10899316834373],[-86.25876832839909,12.108995990644177],[-86.25876996997822,12.108998668516447],[-86.25877187210305,12.109001176171171],[-86.25877401645508,12.10900348945825],[-86.25877638238306,12.109005586099462],[-86.25877894710175,12.109007445903005],[-86.25878168591156,12.10900905095794],[-86.2587845724362,12.109010385806716],[-86.25878757887689,12.109011437593997],[-86.25879067627994,12.109012196190498],[-86.25879383481565,12.109012654290517],[-86.25879702406559,12.109012807482294]]],"type":"Polygon"}},{"type":"Feature","properties":{"Bodegas Generales":""},"geometry":{"coordinates":[[[-86.25872062192217,12.109413126548976],[-86.25872314035259,12.109413005579388],[-86.2587256345291,12.109412643835633],[-86.2587280804315,12.109412044801498],[-86.25873045450433,12.109411214246014],[-86.258732733884,12.109410160167883],[-86.25873489661883,12.10940889271846],[-86.25873692188048,12.109407424103978],[-86.2587387901646,12.109405768467997],[-86.25874048347859,12.109403941755202],[-86.2587419855149,12.109401961557841],[-86.25874328180808,12.109399846946296],[-86.25874435987414,12.109397618285442],[-86.25874520933075,12.109395297038496],[-86.25874582199714,12.109392905560343],[-86.25874619197303,12.109390466882221],[-86.25874631569533,12.10938800448994],[-86.25874619197256,12.109385542097682],[-86.25874582199621,12.109383103419628],[-86.2587452093294,12.109380711941583],[-86.25874435987244,12.109378390694786],[-86.25874328180608,12.109376162034108],[-86.25874198551266,12.109374047422769],[-86.25874048347622,12.109372067225628],[-86.2587387901622,12.109370240513064],[-86.25873692187811,12.109368584877314],[-86.2587348966166,12.109367116263053],[-86.258732733882,12.109365848813834],[-86.25873045450263,12.109364794735884],[-86.25872808043015,12.109363964180545],[-86.25872563452818,12.109363365146523],[-86.25872314035212,12.10936300340283],[-86.25872062192217,12.109362882433269],[-86.25871810349223,12.10936300340283],[-86.25871560931616,12.109363365146523],[-86.2587131634142,12.109363964180545],[-86.25871078934172,12.109364794735884],[-86.25870850996235,12.109365848813834],[-86.25870634722774,12.109367116263053],[-86.25870432196622,12.109368584877314],[-86.25870245368215,12.109370240513064],[-86.25870076036813,12.109372067225628],[-86.25869925833167,12.109374047422769],[-86.25869796203827,12.109376162034108],[-86.2586968839719,12.109378390694786],[-86.25869603451494,12.109380711941583],[-86.25869542184812,12.109383103419628],[-86.2586950518718,12.109385542097682],[-86.25869492814903,12.10938800448994],[-86.25869505187133,12.109390466882221],[-86.25869542184721,12.109392905560343],[-86.25869603451359,12.109395297038496],[-86.25869688397019,12.109397618285442],[-86.25869796203627,12.109399846946296],[-86.25869925832946,12.109401961557841],[-86.25870076036574,12.109403941755202],[-86.25870245367973,12.109405768467997],[-86.25870432196385,12.109407424103978],[-86.25870634722553,12.10940889271846],[-86.25870850996033,12.109410160167883],[-86.25871078934001,12.109411214246014],[-86.25871316341285,12.109412044801498],[-86.25871560931523,12.109412643835633],[-86.25871810349176,12.109413005579388],[-86.25872062192217,12.109413126548976]]],"type":"Polygon"}},{"type":"Feature","properties":{"Vestidores/Dressing Rooms":"","marker-color":"#ff0000","marker-size":"medium","marker-symbol":"circle"},"geometry":{"coordinates":[-86.25861249057037,12.108947569738703],"type":"Point"}},{"type":"Feature","properties":{"Kiosko Jaguar Sport":""},"geometry":{"coordinates":[[[-86.25895798151699,12.109172531452517],[-86.25896026897365,12.10917242157736],[-86.25896253440085,12.109172093010049],[-86.25896475598127,12.109171548914869],[-86.25896691231989,12.109170794531757],[-86.25896898264996,12.10916983712583],[-86.25897094703312,12.109168685917437],[-86.25897278655121,12.109167351993346],[-86.2589744834887,12.109165848199977],[-86.25897602150317,12.109164189019685],[-86.25897738578267,12.109162390431287],[-86.25897856318848,12.109160469756176],[-86.25897954238148,12.109158445491502],[-86.25898031393157,12.109156337132045],[-86.25898087040831,12.109154164982463],[-86.25898120645245,12.10915194996174],[-86.2589813188278,12.109149713401743],[-86.25898120645206,12.10914747684176],[-86.25898087040753,12.109145261821096],[-86.25898031393046,12.109143089671601],[-86.25897954238008,12.109140981312269],[-86.2589785631868,12.109138957047742],[-86.25897738578082,12.1091370363728],[-86.25897602150123,12.109135237784583],[-86.25897448348672,12.109133578604482],[-86.25897278654925,12.109132074811304],[-86.25897094703127,12.109130740887396],[-86.25896898264833,12.10912958967917],[-86.25896691231848,12.109128632273393],[-86.25896475598017,12.1091278778904],[-86.25896253440008,12.10912733379531],[-86.25896026897327,12.109127005228054],[-86.25895798151699,12.109126895352917],[-86.25895569406072,12.109127005228054],[-86.25895342863387,12.10912733379531],[-86.2589512070538,12.1091278778904],[-86.25894905071549,12.109128632273393],[-86.25894698038566,12.10912958967917],[-86.25894501600271,12.109130740887396],[-86.25894317648473,12.109132074811304],[-86.25894147954726,12.109133578604482],[-86.25893994153276,12.109135237784583],[-86.25893857725315,12.1091370363728],[-86.25893739984717,12.109138957047742],[-86.2589364206539,12.109140981312269],[-86.2589356491035,12.109143089671601],[-86.25893509262644,12.109145261821096],[-86.25893475658191,12.10914747684176],[-86.25893464420618,12.109149713401743],[-86.25893475658151,12.10915194996174],[-86.25893509262568,12.109154164982463],[-86.2589356491024,12.109156337132045],[-86.25893642065249,12.109158445491502],[-86.25893739984551,12.109160469756176],[-86.2589385772513,12.109162390431287],[-86.25893994153081,12.109164189019685],[-86.25894147954527,12.109165848199977],[-86.25894317648277,12.109167351993346],[-86.25894501600087,12.109168685917437],[-86.258946980384,12.10916983712583],[-86.25894905071408,12.109170794531757],[-86.2589512070527,12.109171548914869],[-86.25895342863312,12.109172093010049],[-86.25895569406033,12.10917242157736],[-86.25895798151699,12.109172531452517]]],"type":"Polygon"}},{"type":"Feature","properties":{"stroke":"#ada92e","stroke-width":2,"stroke-opacity":1,"fill":"#eff15f","fill-opacity":0.5},"geometry":{"coordinates":[[[-86.2588592928021,12.10951611498949],[-86.25885693825221,12.109462781672406],[-86.25873018498702,12.109467002294267],[-86.25873371681162,12.109518417146376],[-86.2588592928021,12.10951611498949]]],"type":"Polygon"}},{"type":"Feature","properties":{"stroke":"#555555","stroke-width":2,"stroke-opacity":1,"fill":"#827d7d","fill-opacity":0.5},"geometry":{"coordinates":[[[-86.25906217651143,12.109454340426936],[-86.25905668256185,12.109368393184113],[-86.25888715497474,12.109376834432524],[-86.25888793982503,12.109460863208554],[-86.25906217651143,12.109454340426936]]],"type":"Polygon"}},{"type":"Feature","properties":{"Jaguar Center":"J.C","marker-color":"#f20707","marker-size":"medium","marker-symbol":"circle"},"geometry":{"coordinates":[-86.25832175727658,12.109129149905073],"type":"Point"}},{"type":"Feature","properties":{"Salon de Cultura":"Ed.L","stroke":"#921c1c","stroke-width":2,"stroke-opacity":1,"fill":"#e36363","fill-opacity":0.5},"geometry":{"coordinates":[[[-86.25864345606287,12.109147563917631],[-86.25864117548112,12.109027262922737],[-86.2585751003544,12.109026899637954],[-86.25857749074203,12.109149660823462],[-86.25864345606287,12.109147563917631]]],"type":"Polygon"}},{"type":"Feature","properties":{"Edificio L":"Ed.L","stroke":"#282525","stroke-width":2,"stroke-opacity":1,"fill":"#fafafa","fill-opacity":0.5},"geometry":{"coordinates":[[[-86.25867147641287,12.108994113699595],[-86.2586690552969,12.108893839989562],[-86.25857599866151,12.108895258227435],[-86.25857759397996,12.108995259997528],[-86.25867147641287,12.108994113699595]]],"type":"Polygon"}},{"type":"Feature","properties":{"Jaguar Gym":"J.G","stroke":"#001eff","stroke-width":2,"stroke-opacity":1,"fill":"#788bed","fill-opacity":0.5},"geometry":{"coordinates":[[[-86.25866756317474,12.10942862795946],[-86.25866150599053,12.109303835425223],[-86.258510175551,12.109306426555548],[-86.25851145533501,12.109429101355474],[-86.25866756317474,12.10942862795946]]],"type":"Polygon"}},{"type":"Feature","properties":{"marker-color":"#ff0000","marker-size":"medium","marker-symbol":"circle"},"geometry":{"coordinates":[-86.25858820518089,12.10936804643464],"type":"Point"}},{"type":"Feature","properties":{"Jaguar Gym":"J.G"},"geometry":{"coordinates":[[[-86.25858877928472,12.109388116132141],[-86.25859067151377,12.109388025241344],[-86.25859254551962,12.109387753444286],[-86.25859438325456,12.109387303358517],[-86.2585961670202,12.109386679318616],[-86.25859787963788,12.109385887334422],[-86.25859950461418,12.109384935033182],[-86.25860102629967,12.109383831586081],[-86.2586024300397,12.109382587619914],[-86.25860370231547,12.10938121511476],[-86.25860483087428,12.109379727288596],[-86.2586058048475,12.109378138470005],[-86.25860661485521,12.109376463960174],[-86.25860725309663,12.109374719885558],[-86.25860771342509,12.109372923042544],[-86.25860799140747,12.109371090735713],[-86.25860808436659,12.109369240611189],[-86.2586079914072,12.109367390486673],[-86.25860771342458,12.109365558179883],[-86.25860725309586,12.10936376133693],[-86.25860661485423,12.109362017262393],[-86.25860580484634,12.109360342752668],[-86.25860483087301,12.109358753934188],[-86.25860370231413,12.109357266108152],[-86.25860243003834,12.109355893603128],[-86.25860102629834,12.109354649637092],[-86.25859950461292,12.109353546190116],[-86.25859787963675,12.109352593888989],[-86.25859616701922,12.1093518019049],[-86.25859438325381,12.109351177865081],[-86.2585925455191,12.109350727779375],[-86.2585906715135,12.109350455982353],[-86.25858877928472,12.109350365091569],[-86.25858688705594,12.109350455982353],[-86.25858501305035,12.109350727779375],[-86.25858317531565,12.109351177865081],[-86.25858139155021,12.1093518019049],[-86.2585796789327,12.109352593888989],[-86.25857805395654,12.109353546190116],[-86.25857653227112,12.109354649637092],[-86.25857512853112,12.109355893603128],[-86.25857385625532,12.109357266108152],[-86.25857272769643,12.109358753934188],[-86.25857175372309,12.109360342752668],[-86.2585709437152,12.109362017262393],[-86.2585703054736,12.10936376133693],[-86.25856984514486,12.109365558179883],[-86.25856956716225,12.109367390486673],[-86.25856947420287,12.109369240611189],[-86.25856956716198,12.109371090735713],[-86.25856984514434,12.109372923042544],[-86.25857030547283,12.109374719885558],[-86.25857094371425,12.109376463960174],[-86.25857175372195,12.109378138470005],[-86.25857272769518,12.109379727288596],[-86.25857385625396,12.10938121511476],[-86.25857512852976,12.109382587619914],[-86.25857653226979,12.109383831586081],[-86.25857805395526,12.109384935033182],[-86.25857967893157,12.109385887334422],[-86.25858139154926,12.109386679318616],[-86.2585831753149,12.109387303358517],[-86.25858501304982,12.109387753444286],[-86.25858688705569,12.109388025241344],[-86.25858877928472,12.109388116132141]]],"type":"Polygon"}},{"type":"Feature","properties":{"Edificio L":"Ed.L","marker-color":"#ff0000","marker-size":"medium","marker-symbol":"circle"},"geometry":{"coordinates":[-86.25860694444872,12.10908694011215],"type":"Point"}},{"type":"Feature","properties":{"Complejo Deportivo Jaguar":"C.D.J","stroke":"#ada21f","stroke-width":2,"stroke-opacity":1,"fill":"#ded935","fill-opacity":0.5},"geometry":{"coordinates":[[[-86.25901907423079,12.10902162221764],[-86.25900887524283,12.108809390384778],[-86.25885485058502,12.108821013287312],[-86.25886655375315,12.109033900413309],[-86.25901907423079,12.10902162221764]]],"type":"Polygon"}},{"type":"Feature","properties":{"Bodega general":"Bodega 1","stroke":"#118c08","stroke-width":2,"stroke-opacity":1,"fill":"#31e33c","fill-opacity":0.5},"geometry":{"coordinates":[[[-86.25887511182286,12.109276775057353],[-86.25887480442677,12.109181159113632],[-86.2587338259933,12.109183457973828],[-86.25873852074196,12.109277929727625],[-86.25887511182286,12.109276775057353]]],"type":"Polygon"}},{"type":"Feature","properties":{"Edificio":"Ed","stroke":"#555555","stroke-width":2,"stroke-opacity":1,"fill":"#797777","fill-opacity":0.5},"geometry":{"coordinates":[[[-86.25887807651677,12.109155859130325],[-86.25888736951087,12.109395768075501],[-86.2590065935523,12.109389155521782],[-86.25900426876947,12.109152251742302],[-86.25887807651677,12.109155859130325]]],"type":"Polygon"}},{"type":"Feature","properties":{"Edificio":"Ed","stroke":"#cc9d38","stroke-width":2,"stroke-opacity":1,"fill":"#fecc16","fill-opacity":0.5},"geometry":{"coordinates":[[[-86.2588965845788,12.109581216413162],[-86.25901601175183,12.109576670307717],[-86.25901788639523,12.109542137952616],[-86.25904221674338,12.109538828455712],[-86.25904161049411,12.10948945026854],[-86.25901533290468,12.109489921272889],[-86.25901495536256,12.109457394685265],[-86.25889214701853,12.109457631078655],[-86.2588965845788,12.109581216413162]]],"type":"Polygon"}},{"type":"Feature","properties":{"stroke":"#b6c02a","stroke-width":2,"stroke-opacity":1,"fill":"#eff155","fill-opacity":0.5},"geometry":{"coordinates":[[[-86.2588579753928,12.109457008024506],[-86.25885433873896,12.109288364620923],[-86.25872705585482,12.109286840734555],[-86.25872913394237,12.109465643376367],[-86.2588579753928,12.109457008024506]]],"type":"Polygon"}},{"type":"Feature","properties":{"stroke":"#a01c1c","stroke-width":2,"stroke-opacity":1,"fill":"#e36363","fill-opacity":0.5},"geometry":{"coordinates":[[[-86.25863108075862,12.109224908906143],[-86.25863163156426,12.109160821448171],[-86.2585952783867,12.10916028289816],[-86.25859637999797,12.109225986005953],[-86.25863108075862,12.109224908906143]]],"type":"Polygon"}},{"type":"Feature","properties":{"Salón de Cultura/Culture Hall":""},"geometry":{"coordinates":[[[-86.25858017745516,12.10910092097637],[-86.2585817086482,12.109100847427385],[-86.25858322509497,12.10910062748875],[-86.25858471219134,12.109100263278597],[-86.2585861556157,12.109099758304463],[-86.25858754146711,12.109099117429531],[-86.25858885639903,12.109098346825778],[-86.25859008774795,12.109097453914536],[-86.25859122365534,12.109096447295032],[-86.25859225318177,12.109095336661566],[-86.25859316641234,12.10909413271014],[-86.25859395455214,12.109092847035475],[-86.25859461001097,12.109091492019315],[-86.25859512647637,12.109090080711209],[-86.25859549897451,12.109088626702825],[-86.25859572391805,12.109087143997062],[-86.25859579914065,12.109085646873185],[-86.25859572391789,12.109084149749318],[-86.25859549897419,12.109082667043577],[-86.25859512647587,12.109081213035234],[-86.25859461001033,12.109079801727182],[-86.2585939545514,12.10907844671109],[-86.25859316641153,12.109077161036495],[-86.25859225318091,12.109075957085157],[-86.25859122365446,12.109074846451774],[-86.25859008774708,12.109073839832355],[-86.25858885639819,12.109072946921195],[-86.25858754146634,12.109072176317515],[-86.25858615561506,12.109071535442652],[-86.25858471219084,12.10907103046857],[-86.25858322509463,12.109070666258459],[-86.25858170864801,12.109070446319848],[-86.25858017745516,12.109070372770873],[-86.25857864626231,12.109070446319848],[-86.25857712981568,12.109070666258459],[-86.25857564271946,12.10907103046857],[-86.25857419929524,12.109071535442652],[-86.25857281344396,12.109072176317515],[-86.25857149851211,12.109072946921195],[-86.25857026716322,12.109073839832355],[-86.25856913125585,12.109074846451774],[-86.2585681017294,12.109075957085157],[-86.25856718849879,12.109077161036495],[-86.2585664003589,12.10907844671109],[-86.25856574489997,12.109079801727182],[-86.25856522843443,12.109081213035234],[-86.25856485593613,12.109082667043577],[-86.25856463099242,12.109084149749318],[-86.25856455576965,12.109085646873185],[-86.25856463099225,12.109087143997062],[-86.2585648559358,12.109088626702825],[-86.25856522843395,12.109090080711209],[-86.25856574489934,12.109091492019315],[-86.25856640035816,12.109092847035475],[-86.25856718849798,12.10909413271014],[-86.25856810172853,12.109095336661566],[-86.25856913125496,12.109096447295032],[-86.25857026716236,12.109097453914536],[-86.25857149851129,12.109098346825778],[-86.25857281344321,12.109099117429531],[-86.25857419929461,12.109099758304463],[-86.25857564271898,12.109100263278597],[-86.25857712981534,12.10910062748875],[-86.25857864626212,12.109100847427385],[-86.25858017745516,12.10910092097637]]],"type":"Polygon"}},{"type":"Feature","properties":{"Aula de Música/Music Hall":""},"geometry":{"coordinates":[[[-86.2585933859904,12.109206151623669],[-86.2585943649571,12.10920610460022],[-86.25859533449587,12.109205963982733],[-86.25859628526943,12.109205731125432],[-86.25859720812136,12.109205408270856],[-86.25859809416407,12.10920499852828],[-86.25859893486447,12.109204505843746],[-86.2585997221262,12.109203934962073],[-86.25860044836746,12.109203291381164],[-86.25860110659417,12.109202581299058],[-86.25860169046724,12.109201811554232],[-86.25860219436366,12.109200989559755],[-86.25860261343063,12.109200123231876],[-86.25860294363227,12.109199220913814],[-86.2586031817886,12.109198291295378],[-86.25860332560606,12.109197343329308],[-86.25860337369957,12.109196386145037],[-86.25860332560599,12.109195428960765],[-86.25860318178847,12.10919448099471],[-86.25860294363207,12.109193551376288],[-86.25860261343037,12.109192649058249],[-86.25860219436335,12.109191782730399],[-86.2586016904669,12.10919096073595],[-86.25860110659382,12.10919019099116],[-86.2586004483671,12.109189480909087],[-86.25859972212584,12.109188837328217],[-86.25859893486412,12.109188266446575],[-86.25859809416376,12.109187773762068],[-86.25859720812109,12.109187364019517],[-86.25859628526922,12.109187041164967],[-86.25859533449571,12.109186808307681],[-86.25859436495703,12.109186667690205],[-86.2585933859904,12.109186620666758],[-86.25859240702374,12.109186667690205],[-86.25859143748507,12.109186808307681],[-86.25859048671154,12.109187041164967],[-86.25858956385967,12.109187364019517],[-86.25858867781702,12.109187773762068],[-86.25858783711664,12.109188266446575],[-86.25858704985494,12.109188837328217],[-86.25858632361367,12.109189480909087],[-86.25858566538695,12.10919019099116],[-86.25858508151387,12.10919096073595],[-86.25858457761743,12.109191782730399],[-86.2585841585504,12.109192649058249],[-86.2585838283487,12.109193551376288],[-86.2585835901923,12.10919448099471],[-86.25858344637479,12.109195428960765],[-86.25858339828119,12.109196386145037],[-86.25858344637471,12.109197343329308],[-86.25858359019215,12.109198291295378],[-86.2585838283485,12.109199220913814],[-86.25858415855015,12.109200123231876],[-86.25858457761711,12.109200989559755],[-86.25858508151353,12.109201811554232],[-86.2585856653866,12.109202581299058],[-86.25858632361332,12.109203291381164],[-86.25858704985457,12.109203934962073],[-86.25858783711628,12.109204505843746],[-86.25858867781672,12.10920499852828],[-86.25858956385942,12.109205408270856],[-86.25859048671134,12.109205731125432],[-86.25859143748491,12.109205963982733],[-86.25859240702366,12.10920610460022],[-86.2585933859904,12.109206151623669]]],"type":"Polygon"}},{"type":"Feature","properties":{"marker-color":"#f50000","marker-size":"medium","marker-symbol":"circle"},"geometry":{"coordinates":[-86.25861691909518,12.109256452756355],"type":"Point"}},{"type":"Feature","properties":{"Clínica de Fisioterapia":""},"geometry":{"coordinates":[[[-86.2585632878514,12.109264596936734],[-86.25856423412097,12.109264551483863],[-86.25856517127744,12.109264415562983],[-86.2585660902955,12.109264190483087],[-86.25856698232448,12.109263878411817],[-86.25856783877366,12.109263482354592],[-86.25856865139495,12.10926300612566],[-86.25856941236239,12.109262454311365],[-86.25857011434746,12.109261832225979],[-86.25857075058961,12.109261145860527],[-86.25857131496151,12.109260401825088],[-86.25857180202794,12.109259607285123],[-86.25857220709823,12.109258769892492],[-86.25857252627125,12.10925789771174],[-86.25857275647326,12.10925699914245],[-86.25857289548726,12.10925608283833],[-86.25857294197445,12.109255157623895],[-86.25857289548718,12.109254232409462],[-86.25857275647313,12.109253316105352],[-86.25857252627105,12.109252417536078],[-86.25857220709797,12.109251545355349],[-86.25857180202766,12.10925070796274],[-86.2585713149612,12.109249913422806],[-86.25857075058929,12.109249169387398],[-86.25857011434711,12.109248483021979],[-86.25856941236206,12.109247860936627],[-86.25856865139464,12.109247309122361],[-86.25856783877337,12.109246832893458],[-86.25856698232423,12.109246436836258],[-86.2585660902953,12.109246124765011],[-86.25856517127733,12.109245899685131],[-86.25856423412091,12.109245763764259],[-86.2585632878514,12.10924571831139],[-86.2585623415819,12.109245763764259],[-86.25856140442549,12.109245899685131],[-86.2585604854075,12.109246124765011],[-86.25855959337858,12.109246436836258],[-86.25855873692944,12.109246832893458],[-86.25855792430818,12.109247309122361],[-86.25855716334074,12.109247860936627],[-86.2585564613557,12.109248483021979],[-86.25855582511353,12.109249169387398],[-86.25855526074162,12.109249913422806],[-86.25855477367514,12.10925070796274],[-86.25855436860483,12.109251545355349],[-86.25855404943174,12.109252417536078],[-86.25855381922969,12.109253316105352],[-86.25855368021561,12.109254232409462],[-86.25855363372835,12.109255157623895],[-86.25855368021556,12.10925608283833],[-86.25855381922955,12.10925699914245],[-86.25855404943157,12.10925789771174],[-86.25855436860459,12.109258769892492],[-86.25855477367485,12.109259607285123],[-86.25855526074129,12.109260401825088],[-86.2585558251132,12.109261145860527],[-86.25855646135535,12.109261832225979],[-86.25855716334041,12.109262454311365],[-86.25855792430785,12.10926300612566],[-86.25855873692916,12.109263482354592],[-86.25855959337834,12.109263878411817],[-86.2585604854073,12.109264190483087],[-86.25856140442536,12.109264415562983],[-86.25856234158182,12.109264551483863],[-86.2585632878514,12.109264596936734]]],"type":"Polygon"}},{"type":"Feature","properties":{"stroke":"#171717","stroke-width":2,"stroke-opacity":1,"fill":"#e6e0e0","fill-opacity":0.5},"geometry":{"coordinates":[[[-86.2586232367262,12.108890788261746],[-86.25862497528229,12.108833672464186],[-86.25858498848498,12.108834352414078],[-86.25858498848498,12.10889214816217],[-86.2586232367262,12.108890788261746]]],"type":"Polygon"}},{"type":"Feature","properties":{"Baños Sanitarios Jaguar Center/Jaguar Center Bathrooms":"","marker-color":"#ff0000","marker-size":"medium","marker-symbol":"circle"},"geometry":{"coordinates":[-86.25860237404905,12.108863590265045],"type":"Point"}},{"type":"Feature","properties":{"Oficina de Deportes#1/Sports Office#1":""},"geometry":{"coordinates":[[[-86.25872972506392,12.109308154062703],[-86.25873072743583,12.109308105915034],[-86.25873172015434,12.109307961935711],[-86.25873269365904,12.109307723511337],[-86.25873363857455,12.10930739293807],[-86.2587345458008,12.10930697339951],[-86.25873540660074,12.109306468936044],[-86.25873621268433,12.10930588440593],[-86.2587369562886,12.109305225438515],[-86.25873763025223,12.109304498380013],[-86.25873822808454,12.1093037102324],[-86.25873874402812,12.10930286858596],[-86.25873917311417,12.10930198154622],[-86.2587395112103,12.109301057655852],[-86.25873975506049,12.109300105812427],[-86.25873990231634,12.109299135182717],[-86.25873995155966,12.109298155114415],[-86.25873990231626,12.109297175046116],[-86.25873975506035,12.109296204416417],[-86.25873951121008,12.109295252573007],[-86.2587391731139,12.109294328682662],[-86.25873874402782,12.10929344164295],[-86.2587382280842,12.109292599996545],[-86.25873763025184,12.109291811848966],[-86.25873695628822,12.1092910847905],[-86.25873621268394,12.10929042582312],[-86.25873540660037,12.109289841293041],[-86.25873454580048,12.109289336829606],[-86.25873363857428,12.109288917291076],[-86.25873269365883,12.109288586717835],[-86.2587317201542,12.109288348293477],[-86.25873072743575,12.109288204314167],[-86.25872972506392,12.109288156166501],[-86.25872872269208,12.109288204314167],[-86.25872772997364,12.109288348293477],[-86.25872675646902,12.109288586717835],[-86.25872581155356,12.109288917291076],[-86.25872490432735,12.109289336829606],[-86.25872404352747,12.109289841293041],[-86.25872323744389,12.10929042582312],[-86.25872249383961,12.1092910847905],[-86.25872181987599,12.109291811848966],[-86.25872122204363,12.109292599996545],[-86.25872070610002,12.10929344164295],[-86.25872027701395,12.109294328682662],[-86.25871993891774,12.109295252573007],[-86.2587196950675,12.109296204416417],[-86.25871954781158,12.109297175046116],[-86.25871949856817,12.109298155114415],[-86.25871954781151,12.109299135182717],[-86.25871969506734,12.109300105812427],[-86.25871993891752,12.109301057655852],[-86.25872027701368,12.10930198154622],[-86.2587207060997,12.10930286858596],[-86.25872122204328,12.1093037102324],[-86.25872181987562,12.109304498380013],[-86.25872249383922,12.109305225438515],[-86.25872323744349,12.10930588440593],[-86.25872404352711,12.109306468936044],[-86.25872490432704,12.10930697339951],[-86.25872581155329,12.10930739293807],[-86.25872675646879,12.109307723511337],[-86.2587277299735,12.109307961935711],[-86.25872872269201,12.109308105915034],[-86.25872972506392,12.109308154062703]]],"type":"Polygon"}},{"type":"Feature","properties":{"Area General Multiple/Multiple General Area":"","marker-color":"#ff0000","marker-size":"medium","marker-symbol":"circle"},"geometry":{"coordinates":[-86.25887154918534,12.109371093880313],"type":"Point"}},{"type":"Feature","properties":{"Área de Contenedoresd/Container Area":""},"geometry":{"coordinates":[[[-86.25872701206144,12.109497691334369],[-86.25872789621633,12.109497648865133],[-86.25872877185634,12.109497521866432],[-86.25872963054856,12.109497311561329],[-86.2587304640233,12.109497019975176],[-86.25873126425377,12.109496649916114],[-86.25873202353331,12.109496204948007],[-86.25873273454962,12.109495689356146],[-86.25873339045523,12.109495108105962],[-86.25873398493343,12.109494466795212],[-86.25873451225905,12.109493771600071],[-86.25873496735367,12.109493029215644],[-86.25873534583445,12.109492246791506],[-86.25873564405646,12.109491431862821],[-86.25873585914763,12.109490592277806],[-86.25873598903652,12.10948973612212],[-86.25873603247224,12.109488871641014],[-86.25873598903647,12.109488007159907],[-86.25873585914752,12.109487151004233],[-86.25873564405629,12.10948631141923],[-86.25873534583425,12.109485496490565],[-86.25873496735342,12.109484714066447],[-86.25873451225877,12.109483971682048],[-86.25873398493313,12.109483276486932],[-86.25873339045495,12.10948263517621],[-86.25873273454933,12.109482053926053],[-86.25873202353303,12.109481538334219],[-86.25873126425354,12.10948109336614],[-86.2587304640231,12.109480723307097],[-86.2587296305484,12.109480431720964],[-86.25872877185624,12.109480221415875],[-86.25872789621627,12.109480094417181],[-86.25872701206144,12.10948005194795],[-86.2587261279066,12.109480094417181],[-86.25872525226664,12.109480221415875],[-86.25872439357448,12.109480431720964],[-86.25872356009977,12.109480723307097],[-86.25872275986934,12.10948109336614],[-86.25872200058986,12.109481538334219],[-86.25872128957354,12.109482053926053],[-86.25872063366793,12.10948263517621],[-86.25872003918973,12.109483276486932],[-86.2587195118641,12.109483971682048],[-86.25871905676945,12.109484714066447],[-86.25871867828862,12.109485496490565],[-86.25871838006658,12.10948631141923],[-86.25871816497535,12.109487151004233],[-86.2587180350864,12.109488007159907],[-86.25871799165063,12.109488871641014],[-86.25871803508633,12.10948973612212],[-86.25871816497522,12.109490592277806],[-86.2587183800664,12.109491431862821],[-86.25871867828842,12.109492246791506],[-86.2587190567692,12.109493029215644],[-86.25871951186382,12.109493771600071],[-86.25872003918944,12.109494466795212],[-86.25872063366765,12.109495108105962],[-86.25872128957326,12.109495689356146],[-86.25872200058956,12.109496204948007],[-86.25872275986909,12.109496649916114],[-86.25872356009957,12.109497019975176],[-86.25872439357431,12.109497311561329],[-86.25872525226653,12.109497521866432],[-86.25872612790653,12.109497648865133],[-86.25872701206144,12.109497691334369]]],"type":"Polygon"}},{"type":"Feature","properties":{"Oficina de Deportes#2/Sports Office#2":""},"geometry":{"coordinates":[[[-86.25885548372233,12.109306133296293],[-86.25885641397082,12.10930608861298],[-86.25885733526052,12.109305954993365],[-86.25885823871889,12.109305733724279],[-86.25885911564514,12.109305426936663],[-86.25885995759397,12.10930503758505],[-86.25886075645697,12.109304569419113],[-86.25886150454065,12.109304026947541],[-86.25886219464057,12.109303415394635],[-86.25886282011065,12.109302740649982],[-86.25886337492732,12.109302009211746],[-86.25886385374736,12.109301228124075],[-86.25886425195947,12.109300404909268],[-86.25886456572866,12.109299547495342],[-86.25886479203315,12.109298664139654],[-86.25886492869353,12.109297763349407],[-86.25886497439367,12.1092968537997],[-86.25886492869347,12.10929594425],[-86.25886479203302,12.10929504345976],[-86.25886456572847,12.109294160104085],[-86.25886425195921,12.10929330269018],[-86.25886385374706,12.1092924794754],[-86.258863374927,12.109291698387755],[-86.25886282011032,12.10929096694955],[-86.25886219464024,12.109290292204928],[-86.25886150454035,12.109289680652052],[-86.25886075645666,12.10928913818051],[-86.25885995759369,12.109288670014601],[-86.2588591156449,12.109288280663012],[-86.2588582387187,12.109287973875418],[-86.25885733526039,12.109287752606347],[-86.25885641397075,12.109287618986738],[-86.25885548372233,12.109287574303428],[-86.2588545534739,12.109287618986738],[-86.25885363218426,12.109287752606347],[-86.25885272872596,12.109287973875418],[-86.25885185179973,12.109288280663012],[-86.25885100985094,12.109288670014601],[-86.25885021098799,12.10928913818051],[-86.25884946290431,12.109289680652052],[-86.25884877280441,12.109290292204928],[-86.2588481473343,12.10929096694955],[-86.25884759251765,12.109291698387755],[-86.25884711369757,12.1092924794754],[-86.25884671548543,12.10929330269018],[-86.25884640171617,12.109294160104085],[-86.25884617541162,12.10929504345976],[-86.25884603875119,12.10929594425],[-86.25884599305097,12.1092968537997],[-86.2588460387511,12.109297763349407],[-86.25884617541149,12.109298664139654],[-86.258846401716,12.109299547495342],[-86.25884671548519,12.109300404909268],[-86.2588471136973,12.109301228124075],[-86.25884759251734,12.109302009211746],[-86.258848147334,12.109302740649982],[-86.25884877280409,12.109303415394635],[-86.25884946290398,12.109304026947541],[-86.25885021098767,12.109304569419113],[-86.25885100985067,12.10930503758505],[-86.25885185179952,12.109305426936663],[-86.25885272872576,12.109305733724279],[-86.25885363218413,12.109305954993365],[-86.25885455347382,12.10930608861298],[-86.25885548372233,12.109306133296293]]],"type":"Polygon"}},{"type":"Feature","properties":{"Oficina de Deportes#3/Sports Office#3":""},"geometry":{"coordinates":[[[-86.25887484189973,12.109207724137642],[-86.25887571588329,12.109207682156926],[-86.25887658144995,12.109207556619081],[-86.25887743026378,12.1092073487331],[-86.25887825415023,12.109207060501044],[-86.25887904517487,12.109206694698743],[-86.25887979571964,12.109206254849074],[-86.25888049855641,12.10920574518803],[-86.25888114691648,12.109205170623921],[-86.2588817345558,12.109204536690124],[-86.25888225581507,12.109203849491758],[-86.25888270567427,12.109203115646928],[-86.25888307980102,12.109202342222954],[-86.25888337459227,12.109201536668337],[-86.25888358720906,12.109200706741005],[-86.2588837156037,12.109199860433616],[-86.25888375853974,12.109199005896569],[-86.25888371560364,12.109198151359527],[-86.25888358720894,12.109197305052145],[-86.25888337459213,12.109196475124829],[-86.25888307980081,12.109195669570228],[-86.25888270567404,12.10919489614628],[-86.2588822558148,12.109194162301469],[-86.25888173455552,12.109193475103133],[-86.2588811469162,12.10919284116936],[-86.25888049855611,12.109192266605284],[-86.25887979571937,12.109191756944263],[-86.25887904517461,12.10919131709462],[-86.25887825415003,12.109190951292339],[-86.25887743026361,12.1091906630603],[-86.25887658144983,12.109190455174334],[-86.25887571588325,12.109190329636496],[-86.25887484189973,12.109190287655784],[-86.2588739679162,12.109190329636496],[-86.25887310234961,12.109190455174334],[-86.25887225353584,12.1091906630603],[-86.25887142964942,12.109190951292339],[-86.25887063862483,12.10919131709462],[-86.25886988808008,12.109191756944263],[-86.25886918524333,12.109192266605284],[-86.25886853688326,12.10919284116936],[-86.25886794924392,12.109193475103133],[-86.25886742798465,12.109194162301469],[-86.25886697812543,12.10919489614628],[-86.25886660399863,12.109195669570228],[-86.2588663092073,12.109196475124829],[-86.25886609659051,12.109197305052145],[-86.25886596819579,12.109198151359527],[-86.25886592525971,12.109199005896569],[-86.25886596819575,12.109199860433616],[-86.25886609659041,12.109200706741005],[-86.25886630920716,12.109201536668337],[-86.25886660399841,12.109202342222954],[-86.25886697812518,12.109203115646928],[-86.25886742798437,12.109203849491758],[-86.25886794924364,12.109204536690124],[-86.25886853688296,12.109205170623921],[-86.25886918524306,12.10920574518803],[-86.25886988807983,12.109206254849074],[-86.2588706386246,12.109206694698743],[-86.25887142964922,12.109207060501044],[-86.25887225353569,12.1092073487331],[-86.2588731023495,12.109207556619081],[-86.25887396791614,12.109207682156926],[-86.25887484189973,12.109207724137642]]],"type":"Polygon"}},{"type":"Feature","properties":{"Sálon de Artes Marciales/Martial Arts Hall":""},"geometry":{"coordinates":[[[-86.25888407562168,12.10923811784675],[-86.25888482878425,12.10923808166953],[-86.25888557469347,12.109237973486268],[-86.25888630616579,12.109237794338824],[-86.25888701615676,12.109237545952494],[-86.25888769782877,12.109237230719373],[-86.25888834461695,12.10923685167533],[-86.25888895029235,12.109236412470763],[-86.25888950902201,12.109235917335448],[-86.25889001542505,12.109235371037819],[-86.25889046462454,12.109234778839015],[-86.25889085229444,12.109234146442239],[-86.25889117470126,12.109233479937812],[-86.25889142874007,12.109232785744538],[-86.25889161196433,12.10923207054788],[-86.25889172260949,12.109231341235573],[-86.25889175960997,12.109230604831291],[-86.25889172260946,12.109229868427013],[-86.25889161196424,12.109229139114712],[-86.25889142873994,12.109228423918063],[-86.2588911747011,12.109227729724802],[-86.25889085229426,12.109227063220393],[-86.25889046462433,12.10922643082363],[-86.25889001542484,12.10922583862485],[-86.2588895090218,12.109225292327238],[-86.25888895029213,12.109224797191947],[-86.25888834461675,12.109224357987397],[-86.25888769782858,12.109223978943373],[-86.2588870161566,12.109223663710267],[-86.25888630616566,12.109223415323953],[-86.25888557469338,12.10922323617652],[-86.2588848287842,12.109223127993262],[-86.25888407562168,12.109223091816041],[-86.25888332245914,12.109223127993262],[-86.25888257654998,12.10922323617652],[-86.25888184507768,12.109223415323953],[-86.25888113508674,12.109223663710267],[-86.25888045341476,12.109223978943373],[-86.25887980662661,12.109224357987397],[-86.25887920095121,12.109224797191947],[-86.25887864222155,12.109225292327238],[-86.2588781358185,12.10922583862485],[-86.25887768661902,12.10922643082363],[-86.25887729894909,12.109227063220393],[-86.25887697654224,12.109227729724802],[-86.2588767225034,12.109228423918063],[-86.2588765392791,12.109229139114712],[-86.2588764286339,12.109229868427013],[-86.25887639163338,12.109230604831291],[-86.25887642863385,12.109231341235573],[-86.25887653927903,12.10923207054788],[-86.25887672250327,12.109232785744538],[-86.2588769765421,12.109233479937812],[-86.25887729894892,12.109234146442239],[-86.2588776866188,12.109234778839015],[-86.25887813581829,12.109235371037819],[-86.25887864222133,12.109235917335448],[-86.258879200951,12.109236412470763],[-86.25887980662641,12.10923685167533],[-86.25888045341458,12.109237230719373],[-86.2588811350866,12.109237545952494],[-86.25888184507755,12.109237794338824],[-86.25888257654988,12.109237973486268],[-86.25888332245911,12.10923808166953],[-86.25888407562168,12.10923811784675]]],"type":"Polygon"}},{"type":"Feature","properties":{"Sálon Multiusos/Multipurpose Room":""},"geometry":{"coordinates":[[[-86.25888439309098,12.109344293786103],[-86.2588852433205,12.109344252946407],[-86.25888608536187,12.109344130820626],[-86.25888691110575,12.109343928584892],[-86.25888771259976,12.10934364818685],[-86.25888848212507,12.109343292326894],[-86.25888921227076,12.10934286443214],[-86.2588898960051,12.10934236862345],[-86.25889052674337,12.109341809675739],[-86.25889109841121,12.109341192971975],[-86.25889160550315,12.109340524451353],[-86.2588920431356,12.109339810552092],[-86.25889240709395,12.109339058149436],[-86.25889269387307,12.10933827448943],[-86.2588929007111,12.109337467119149],[-86.2588930256161,12.109336643814014],[-86.25889306738519,12.109335812502898],[-86.25889302561605,12.109334981191786],[-86.25889290071099,12.109334157886657],[-86.2588926938729,12.109333350516389],[-86.25889240709374,12.109332566856402],[-86.25889204313536,12.109331814453764],[-86.2588916055029,12.10933110055453],[-86.25889109841093,12.109330432033932],[-86.25889052674309,12.109329815330193],[-86.25888989600483,12.109329256382509],[-86.2588892122705,12.109328760573844],[-86.25888848212486,12.109328332679114],[-86.25888771259956,12.109327976819175],[-86.2588869111056,12.109327696421152],[-86.25888608536178,12.109327494185434],[-86.25888524332048,12.109327372059656],[-86.25888439309098,12.109327331219962],[-86.2588835428615,12.109327372059656],[-86.2588827008202,12.109327494185434],[-86.25888187507636,12.109327696421152],[-86.2588810735824,12.109327976819175],[-86.25888030405712,12.109328332679114],[-86.25887957391147,12.109328760573844],[-86.25887889017712,12.109329256382509],[-86.25887825943887,12.109329815330193],[-86.25887768777102,12.109330432033932],[-86.25887718067908,12.10933110055453],[-86.25887674304659,12.109331814453764],[-86.2588763790882,12.109332566856402],[-86.25887609230905,12.109333350516389],[-86.25887588547096,12.109334157886657],[-86.2588757605659,12.109334981191786],[-86.25887571879679,12.109335812502898],[-86.25887576056586,12.109336643814014],[-86.25887588547087,12.109337467119149],[-86.25887609230891,12.10933827448943],[-86.25887637908801,12.109339058149436],[-86.25887674304637,12.109339810552092],[-86.25887718067882,12.109340524451353],[-86.25887768777075,12.109341192971975],[-86.2588782594386,12.109341809675739],[-86.25887889017686,12.10934236862345],[-86.25887957391122,12.10934286443214],[-86.25888030405689,12.109343292326894],[-86.2588810735822,12.10934364818685],[-86.25888187507621,12.109343928584892],[-86.25888270082008,12.109344130820626],[-86.25888354286144,12.109344252946407],[-86.25888439309098,12.109344293786103]]],"type":"Polygon"}},{"type":"Feature","properties":{"Mesas Área de Bodega/Tables in the Wine Cellar Area":""},"geometry":{"coordinates":[[[-86.25892403234413,12.109437369992143],[-86.25892539370463,12.109437304600938],[-86.25892674195448,12.109437109057081],[-86.25892806410928,12.109436785243766],[-86.258929347436,12.109436336279492],[-86.25893057957546,12.109435766488028],[-86.25893174866151,12.109435081356784],[-86.25893284343518,12.109434287483944],[-86.25893385335323,12.109433392514939],[-86.25893476868956,12.109432405068814],[-86.25893558062903,12.109431334655211],[-86.25893628135218,12.109430191582804],[-86.25893686411068,12.109428986860006],[-86.25893732329224,12.109427732088953],[-86.2589376544747,12.10942643935378],[-86.2589378544686,12.109425121104232],[-86.2589379213479,12.109423790035772],[-86.25893785446847,12.10942245896732],[-86.25893765447444,12.109421140717792],[-86.25893732329186,12.109419847982648],[-86.25893686411017,12.109418593211641],[-86.25893628135158,12.109417388488891],[-86.25893558062837,12.109416245416547],[-86.25893476868887,12.109415175003011],[-86.25893385335252,12.10941418755695],[-86.25893284343448,12.109413292588016],[-86.25893174866086,12.10941249871524],[-86.25893057957488,12.109411813584053],[-86.25892934743551,12.109411243792643],[-86.2589280641089,12.10941079482841],[-86.25892674195418,12.109410471015126],[-86.25892539370449,12.10941027547129],[-86.25892403234413,12.109410210080092],[-86.25892267098375,12.10941027547129],[-86.25892132273403,12.109410471015126],[-86.25892000057934,12.10941079482841],[-86.25891871725273,12.109411243792643],[-86.25891748511334,12.109411813584053],[-86.25891631602738,12.10941249871524],[-86.25891522125376,12.109413292588016],[-86.25891421133572,12.10941418755695],[-86.25891329599935,12.109415175003011],[-86.25891248405986,12.109416245416547],[-86.25891178333666,12.109417388488891],[-86.25891120057805,12.109418593211641],[-86.25891074139638,12.109419847982648],[-86.25891041021379,12.109421140717792],[-86.25891021021977,12.10942245896732],[-86.25891014334034,12.109423790035772],[-86.25891021021963,12.109425121104232],[-86.25891041021352,12.10942643935378],[-86.258910741396,12.109427732088953],[-86.25891120057756,12.109428986860006],[-86.25891178333606,12.109430191582804],[-86.2589124840592,12.109431334655211],[-86.25891329599867,12.109432405068814],[-86.258914211335,12.109433392514939],[-86.25891522125305,12.109434287483944],[-86.25891631602673,12.109435081356784],[-86.25891748511276,12.109435766488028],[-86.25891871725223,12.109436336279492],[-86.25892000057894,12.109436785243766],[-86.25892132273376,12.109437109057081],[-86.25892267098361,12.109437304600938],[-86.25892403234413,12.109437369992143]]],"type":"Polygon"}},{"type":"Feature","properties":{"Comedor de Empleadores UAM/UAM Employers' Dining Hall":""},"geometry":{"coordinates":[[[-86.25889806554278,12.109506933978043],[-86.25889922547209,12.109506878262344],[-86.25890037423066,12.109506711651814],[-86.25890150075529,12.10950643575101],[-86.25890259419695,12.109506053217006],[-86.25890364402518,12.109505567733809],[-86.25890464012957,12.109504983976894],[-86.25890557291709,12.109504307568159],[-86.25890643340449,12.109503545021788],[-86.25890721330481,12.109502703681525],[-86.25890790510715,12.10950179164993],[-86.25890850214911,12.109500817710371],[-86.25890899868082,12.109499791242419],[-86.25890938992045,12.109498722131521],[-86.25890967210012,12.109497620673803],[-86.2589098425023,12.109496497476899],[-86.25890989948593,12.109495363357816],[-86.2589098425022,12.109494229238736],[-86.25890967209995,12.109493106041848],[-86.25890938992016,12.109492004584153],[-86.25890899868047,12.109490935473286],[-86.25890850214867,12.10948990900537],[-86.25890790510667,12.109488935065857],[-86.25890721330428,12.109488023034311],[-86.25890643340398,12.109487181694094],[-86.25890557291659,12.109486419147773],[-86.2589046401291,12.109485742739084],[-86.25890364402477,12.109485158982212],[-86.25890259419657,12.109484673499054],[-86.25890150075502,12.10948429096508],[-86.25890037423046,12.1094840150643],[-86.258899225472,12.109483848453785],[-86.25889806554278,12.109483792738091],[-86.25889690561355,12.109483848453785],[-86.2588957568551,12.1094840150643],[-86.25889463033054,12.10948429096508],[-86.25889353688899,12.109484673499054],[-86.25889248706079,12.109485158982212],[-86.25889149095647,12.109485742739084],[-86.25889055816897,12.109486419147773],[-86.2588896976816,12.109487181694094],[-86.25888891778128,12.109488023034311],[-86.2588882259789,12.109488935065857],[-86.25888762893689,12.10948990900537],[-86.25888713240509,12.109490935473286],[-86.2588867411654,12.109492004584153],[-86.25888645898564,12.109493106041848],[-86.25888628858335,12.109494229238736],[-86.25888623159963,12.109495363357816],[-86.25888628858326,12.109496497476899],[-86.25888645898544,12.109497620673803],[-86.25888674116511,12.109498722131521],[-86.25888713240474,12.109499791242419],[-86.25888762893646,12.109500817710371],[-86.25888822597841,12.10950179164993],[-86.25888891778078,12.109502703681525],[-86.25888969768107,12.109503545021788],[-86.25889055816847,12.109504307568159],[-86.25889149095599,12.109504983976894],[-86.25889248706038,12.109505567733809],[-86.2588935368886,12.109506053217006],[-86.25889463033027,12.10950643575101],[-86.2588957568549,12.109506711651814],[-86.25889690561347,12.109506878262344],[-86.25889806554278,12.109506933978043]]],"type":"Polygon"}},{"type":"Feature","properties":{"Mesas Jaguar Sport/Jaguar Sports Tables":""},"geometry":{"coordinates":[[[-86.25892313780672,12.10910399939804],[-86.25892422523798,12.10910394716461],[-86.2589253021967,12.109103790967358],[-86.25892635831116,12.109103532310552],[-86.25892738341037,12.109103173685195],[-86.2589283676221,12.10910271854505],[-86.25892930146784,12.109102171273356],[-86.25893017595418,12.109101537140651],[-86.25893098265928,12.109100822253975],[-86.25893171381415,12.109100033498077],[-86.25893236237738,12.10909917846911],[-86.25893292210294,12.10909826540147],[-86.2589333876004,12.1090973030885],[-86.2589337543867,12.109096300797798],[-86.25893401892957,12.10909526818197],[-86.25893417868124,12.109094215185674],[-86.25893423210327,12.109093151949844],[-86.25893417868116,12.109092088714018],[-86.2589340189294,12.109091035717736],[-86.25893375438646,12.109090003101931],[-86.25893338760007,12.109089000811256],[-86.25893292210257,12.109088038498315],[-86.25893236237697,12.109087125430715],[-86.2589317138137,12.109086270401788],[-86.25893098265882,12.109085481645934],[-86.25893017595372,12.109084766759302],[-86.25892930146743,12.109084132626636],[-86.25892836762172,12.109083585354984],[-86.25892738341004,12.10908313021487],[-86.2589263583109,12.109082771589541],[-86.25892530219652,12.109082512932755],[-86.2589242252379,12.109082356735517],[-86.25892313780672,12.109082304502092],[-86.25892205037555,12.109082356735517],[-86.25892097341692,12.109082512932755],[-86.25891991730256,12.109082771589541],[-86.2589188922034,12.10908313021487],[-86.25891790799172,12.109083585354984],[-86.25891697414602,12.109084132626636],[-86.25891609965971,12.109084766759302],[-86.25891529295461,12.109085481645934],[-86.25891456179974,12.109086270401788],[-86.25891391323647,12.109087125430715],[-86.25891335351088,12.109088038498315],[-86.25891288801337,12.109089000811256],[-86.25891252122699,12.109090003101931],[-86.25891225668406,12.109091035717736],[-86.25891209693228,12.109092088714018],[-86.25891204351016,12.109093151949844],[-86.25891209693219,12.109094215185674],[-86.25891225668389,12.10909526818197],[-86.25891252122673,12.109096300797798],[-86.25891288801306,12.1090973030885],[-86.2589133535105,12.10909826540147],[-86.25891391323606,12.10909917846911],[-86.25891456179929,12.109100033498077],[-86.25891529295419,12.109100822253975],[-86.25891609965929,12.109101537140651],[-86.25891697414559,12.109102171273356],[-86.25891790799135,12.10910271854505],[-86.25891889220307,12.109103173685195],[-86.25891991730231,12.109103532310552],[-86.25892097341675,12.109103790967358],[-86.25892205037546,12.10910394716461],[-86.25892313780672,12.10910399939804]]],"type":"Polygon"}},{"type":"Feature","properties":{"Regaderas Exteriores/Outdoor Sprinklers":""},"geometry":{"coordinates":[[[-86.25901650557756,12.109121492368152],[-86.25901848757992,12.109121397165097],[-86.25902045049452,12.109121112472797],[-86.25902237541742,12.109120641032987],[-86.25902424381052,12.109119987385897],[-86.2590260376802,12.109119157826505],[-86.25902773975048,12.109118160343924],[-86.25902933362954,12.109117004544457],[-86.25903080396743,12.109115701559086],[-86.25903213660398,12.109114263936275],[-86.25903331870516,12.109112705521126],[-86.25903433888674,12.109111041322018],[-86.25903518732378,12.109109287366113],[-86.25903585584537,12.109107460544955],[-86.25903633801327,12.10910557845184],[-86.259036629184,12.109103659212353],[-86.25903672655338,12.10910172130982],[-86.25903662918371,12.1090997834073],[-86.2590363380127,12.109097864167854],[-86.25903585584453,12.109095982074807],[-86.25903518732271,12.109094155253741],[-86.25903433888548,12.109092401297948],[-86.2590333187038,12.109090737098965],[-86.25903213660249,12.109089178683952],[-86.25903080396593,12.109087741061286],[-86.25902933362808,12.109086438076057],[-86.25902773974911,12.109085282276727],[-86.25902603767895,12.109084284794271],[-86.25902424380946,12.109083455234993],[-86.25902237541658,12.109082801587991],[-86.25902045049396,12.109082330148253],[-86.25901848757964,12.10908204545599],[-86.25901650557756,12.10908195025295],[-86.25901452357549,12.10908204545599],[-86.25901256066116,12.109082330148253],[-86.25901063573852,12.109082801587991],[-86.25900876734565,12.109083455234993],[-86.25900697347618,12.109084284794271],[-86.25900527140598,12.109085282276727],[-86.25900367752703,12.109086438076057],[-86.25900220718918,12.109087741061286],[-86.25900087455261,12.109089178683952],[-86.25899969245133,12.109090737098965],[-86.25899867226963,12.109092401297948],[-86.25899782383239,12.109094155253741],[-86.25899715531057,12.109095982074807],[-86.25899667314239,12.109097864167854],[-86.2589963819714,12.1090997834073],[-86.25899628460174,12.10910172130982],[-86.25899638197113,12.109103659212353],[-86.25899667314184,12.10910557845184],[-86.25899715530976,12.109107460544955],[-86.25899782383134,12.109109287366113],[-86.25899867226838,12.109111041322018],[-86.25899969244993,12.109112705521126],[-86.25900087455113,12.109114263936275],[-86.25900220718769,12.109115701559086],[-86.25900367752557,12.109117004544457],[-86.25900527140462,12.109118160343924],[-86.25900697347492,12.109119157826505],[-86.25900876734458,12.109119987385897],[-86.25901063573771,12.109120641032987],[-86.2590125606606,12.109121112472797],[-86.25901452357519,12.109121397165097],[-86.25901650557756,12.109121492368152]]],"type":"Polygon"}},{"type":"Feature","properties":{"Edificio de Fisioterapia":"","stroke":"#a30f0f","stroke-width":2,"stroke-opacity":1,"fill":"#e36363","fill-opacity":0.5},"geometry":{"coordinates":[[[-86.25867667410927,12.109281710384835],[-86.2586754478046,12.109224779746569],[-86.25856092578752,12.109226329472179],[-86.25856292090783,12.109283283063476],[-86.25867667410927,12.109281710384835]]],"type":"Polygon"}},{"type":"Feature","properties":{"Edificio D":"Ed.D"},"geometry":{"coordinates":[[[-86.25693991086267,12.108073896426838],[-86.25694166589003,12.108073812125925],[-86.2569434040155,12.108073560035047],[-86.25694510850002,12.10807314258198],[-86.25694676292842,12.108072563787024],[-86.25694835136768,12.108071829224295],[-86.25694985852024,12.10807094596803],[-86.25695126987142,12.108069922524473],[-86.2569525718291,12.108068768749952],[-86.25695375185475,12.108067495755938],[-86.25695479858405,12.10806611580207],[-86.25695570193645,12.108064642178054],[-86.25695645321215,12.108063089075698],[-86.256957045176,12.108061471452228],[-86.25695747212701,12.108059804886244],[-86.25695772995344,12.108058105427686],[-86.25695781617229,12.108056389443274],[-86.25695772995321,12.10805467345887],[-86.25695747212656,12.108052974000344],[-86.25695704517534,12.108051307434415],[-86.25695645321132,12.108049689811017],[-86.25695570193547,12.108048136708748],[-86.25695479858295,12.10804666308483],[-86.25695375185359,12.10804528313107],[-86.25695257182792,12.108044010137169],[-86.25695126987026,12.108042856362758],[-86.25694985851915,12.10804183291931],[-86.2569483513667,12.108040949663145],[-86.25694676292758,12.108040215100504],[-86.25694510849937,12.10803963630562],[-86.25694340401505,12.108039218852603],[-86.2569416658898,12.10803896676176],[-86.25693991086267,12.108038882460855],[-86.25693815583551,12.10803896676176],[-86.25693641771026,12.108039218852603],[-86.25693471322596,12.10803963630562],[-86.25693305879771,12.108040215100504],[-86.25693147035862,12.108040949663145],[-86.25692996320616,12.10804183291931],[-86.25692855185507,12.108042856362758],[-86.25692724989739,12.108044010137169],[-86.25692606987172,12.10804528313107],[-86.25692502314234,12.10804666308483],[-86.25692411978986,12.108048136708748],[-86.25692336851398,12.108049689811017],[-86.25692277654998,12.108051307434415],[-86.25692234959877,12.108052974000344],[-86.25692209177211,12.10805467345887],[-86.25692200555302,12.108056389443274],[-86.25692209177188,12.108058105427686],[-86.25692234959831,12.108059804886244],[-86.25692277654933,12.108061471452228],[-86.25692336851317,12.108063089075698],[-86.25692411978886,12.108064642178054],[-86.25692502314126,12.10806611580207],[-86.25692606987056,12.108067495755938],[-86.25692724989621,12.108068768749952],[-86.2569285518539,12.108069922524473],[-86.25692996320508,12.10807094596803],[-86.25693147035764,12.108071829224295],[-86.2569330587969,12.108072563787024],[-86.2569347132253,12.10807314258198],[-86.25693641770982,12.108073560035047],[-86.2569381558353,12.108073812125925],[-86.25693991086267,12.108073896426838]]],"type":"Polygon"}},{"type":"Feature","properties":{"Edificio J":""},"geometry":{"coordinates":[[[-86.25679748265718,12.108061859832587],[-86.25679868556527,12.108061802052147],[-86.2567998768887,12.108061629267285],[-86.25680104515439,12.108061343142014],[-86.25680217911126,12.108060946431882],[-86.2568032678387,12.108060442957417],[-86.2568043008517,12.108059837567358],[-86.25680526820173,12.10805913609194],[-86.2568061605727,12.10805834528676],[-86.2568069693706,12.108057472767701],[-86.25680768680625,12.108056526937602],[-86.25680830597037,12.108055516905324],[-86.25680882090005,12.108054452398031],[-86.25680922663625,12.108053343667507],[-86.2568095192715,12.10805220139144],[-86.25680969598758,12.108051036570565],[-86.2568097550826,12.108049860422753],[-86.25680969598747,12.108048684274944],[-86.2568095192713,12.108047519454084],[-86.25680922663595,12.108046377178042],[-86.25680882089965,12.108045268447553],[-86.2568083059699,12.108044203940297],[-86.25680768680574,12.108043193908067],[-86.25680696937006,12.10804224807802],[-86.25680616057215,12.108041375559013],[-86.25680526820119,12.108040584753885],[-86.25680430085119,12.108039883278519],[-86.25680326783825,12.108039277888507],[-86.25680217911086,12.108038774414082],[-86.25680104515408,12.10803837770398],[-86.25679987688848,12.108038091578736],[-86.25679868556516,12.108037918793892],[-86.25679748265718,12.108037861013457],[-86.25679627974917,12.108037918793892],[-86.25679508842585,12.108038091578736],[-86.25679392016025,12.10803837770398],[-86.25679278620348,12.108038774414082],[-86.25679169747609,12.108039277888507],[-86.25679066446315,12.108039883278519],[-86.25678969711315,12.108040584753885],[-86.25678880474219,12.108041375559013],[-86.25678799594428,12.10804224807802],[-86.2567872785086,12.108043193908067],[-86.25678665934443,12.108044203940297],[-86.25678614441468,12.108045268447553],[-86.25678573867839,12.108046377178042],[-86.25678544604303,12.108047519454084],[-86.25678526932685,12.108048684274944],[-86.25678521023173,12.108049860422753],[-86.25678526932674,12.108051036570565],[-86.25678544604283,12.10805220139144],[-86.25678573867809,12.108053343667507],[-86.25678614441428,12.108054452398031],[-86.25678665934397,12.108055516905324],[-86.2567872785081,12.108056526937602],[-86.25678799594372,12.108057472767701],[-86.25678880474165,12.10805834528676],[-86.25678969711262,12.10805913609194],[-86.25679066446266,12.108059837567358],[-86.25679169747562,12.108060442957417],[-86.25679278620308,12.108060946431882],[-86.25679392015995,12.108061343142014],[-86.25679508842562,12.108061629267285],[-86.25679627974908,12.108061802052147],[-86.25679748265718,12.108061859832587]]],"type":"Polygon"}},{"type":"Feature","properties":{"marker-color":"#ff0000","marker-size":"medium","marker-symbol":"circle"},"geometry":{"coordinates":[-86.25894075181971,12.108972847102464],"type":"Point"}},{"type":"Feature","properties":{"Cancha Volleyball":"C.V"},"geometry":{"coordinates":[[[-86.2589407518197,12.108999640437071],[-86.2589440503001,12.10899948199853],[-86.25894731701435,12.108999008208754],[-86.25895052050215,12.1089982236306],[-86.25895362991216,12.10899713581999],[-86.25895661529906,12.108995755253135],[-86.25895944791193,12.108994095225654],[-86.25896210047117,12.108992171724527],[-86.25896454743115,12.108990003274123],[-86.25896676522633,12.108987610757811],[-86.25896873249812,12.108985017216838],[-86.25897043030064,12.108982247628425],[-86.2589718422831,12.10897932866523],[-86.25897295484737,12.108976288438466],[-86.25897375727884,12.108973156227185],[-86.25897424184969,12.108969962196298],[-86.25897440389319,12.108966737106064],[-86.25897424184885,12.108963512015867],[-86.25897375727725,12.108960317985096],[-86.25897295484505,12.108957185773999],[-86.25897184228018,12.10895414554749],[-86.25897043029718,12.108951226584601],[-86.2589687324943,12.108948456996538],[-86.25896676522225,12.108945863455947],[-86.25896454742698,12.10894347094003],[-86.2589621004671,12.108941302490022],[-86.2589594479081,12.108939378989273],[-86.25895661529563,12.108937718962142],[-86.25895362990923,12.108936338395596],[-86.25895052049984,12.108935250585239],[-86.25894731701277,12.108934466007272],[-86.2589440502993,12.108933992217613],[-86.2589407518197,12.108933833779108],[-86.2589374533401,12.108933992217613],[-86.25893418662665,12.108934466007272],[-86.25893098313956,12.108935250585239],[-86.25892787373017,12.108936338395596],[-86.2589248883438,12.108937718962142],[-86.2589220557313,12.108939378989273],[-86.25891940317233,12.108941302490022],[-86.25891695621242,12.10894347094003],[-86.25891473841715,12.108945863455947],[-86.25891277114512,12.108948456996538],[-86.25891107334222,12.108951226584601],[-86.25890966135923,12.10895414554749],[-86.25890854879435,12.108957185773999],[-86.25890774636215,12.108960317985096],[-86.25890726179055,12.108963512015867],[-86.25890709974621,12.108966737106064],[-86.25890726178973,12.108969962196298],[-86.25890774636056,12.108973156227185],[-86.25890854879205,12.108976288438466],[-86.25890966135631,12.10897932866523],[-86.25891107333878,12.108982247628425],[-86.25891277114128,12.108985017216838],[-86.25891473841307,12.108987610757811],[-86.25891695620827,12.108990003274123],[-86.25891940316825,12.108992171724527],[-86.25892205572748,12.108994095225654],[-86.25892488834035,12.108995755253135],[-86.25892787372726,12.10899713581999],[-86.25893098313726,12.1089982236306],[-86.25893418662505,12.108999008208754],[-86.2589374533393,12.10899948199853],[-86.2589407518197,12.108999640437071]]],"type":"Polygon"}},{"type":"Feature","properties":{"Parqueo Recepción":"","marker-color":"#fb0909","marker-size":"medium","marker-symbol":"circle"},"geometry":{"coordinates":[-86.25602831225038,12.108497780283685],"type":"Point"}},{"type":"Feature","properties":{"Parqueo Chilamate":"","marker-color":"#ff0000","marker-size":"medium","marker-symbol":"circle"},"geometry":{"coordinates":[-86.25605721899885,12.107983834373783],"type":"Point"}},{"type":"Feature","properties":{},"geometry":{"coordinates":[[-86.25680374087766,12.106868408756014],[-86.25686507646085,12.106966018879895],[-86.2569042669099,12.10705634560409],[-86.25687303421691,12.107178106929908]],"type":"LineString"}},{"type":"Feature","properties":{},"geometry":{"coordinates":[[-86.25696101279614,12.109223919469898],[-86.2569836815442,12.108579041464054]],"type":"LineString"}},{"type":"Feature","properties":{"Edificio B ":"","stroke":"#642a7e","stroke-width":2,"stroke-opacity":1,"fill":"#9e48c7","fill-opacity":0.5},"geometry":{"coordinates":[[[-86.25738104434534,12.108558298873533],[-86.25737873393847,12.108455852931385],[-86.25668708939213,12.108465127602202],[-86.25669077870853,12.108578032152991],[-86.25738104434534,12.108558298873533]]],"type":"Polygon"}},{"type":"Feature","properties":{"Edificio B ":"","marker-color":"#ff0000","marker-size":"medium","marker-symbol":"circle"},"geometry":{"coordinates":[-86.25702831197944,12.108505235804401],"type":"Point"}},{"type":"Feature","properties":{"Cartera y Cobro":""},"geometry":{"coordinates":[[[-86.25660449810935,12.108527929926487],[-86.25660532384748,12.108527890263083],[-86.25660614163327,12.10852777165486],[-86.25660694359104,12.108527575244077],[-86.25660772199748,12.10852730292228],[-86.25660846935611,12.108526957312074],[-86.25660917846945,12.108526541741874],[-86.25660984250838,12.108526060213851],[-86.2566104550778,12.10852551736538],[-86.25661101027836,12.108524918424392],[-86.25661150276318,12.108524269159016],[-86.25661192778934,12.108523575822034],[-86.25661228126363,12.108522845090656],[-86.25661255978189,12.10852208400223],[-86.25661276066182,12.108521299886451],[-86.25661288196886,12.108520500294782],[-86.25661292253474,12.10851969292773],[-86.2566128819688,12.108518885560683],[-86.25661276066172,12.10851808596902],[-86.25661255978174,12.108517301853254],[-86.25661228126346,12.10851654076484],[-86.25661192778912,12.108515810033483],[-86.25661150276295,12.108515116696523],[-86.2566110102781,12.10851446743117],[-86.25661045507755,12.108513868490208],[-86.25660984250813,12.108513325641761],[-86.25660917846922,12.108512844113761],[-86.2566084693559,12.108512428543586],[-86.2566077219973,12.108512082933398],[-86.2566069435909,12.108511810611613],[-86.25660614163317,12.108511614200843],[-86.25660532384742,12.108511495592628],[-86.25660449810935,12.108511455929229],[-86.2566036723713,12.108511495592628],[-86.25660285458555,12.108511614200843],[-86.25660205262783,12.108511810611613],[-86.25660127422142,12.108512082933398],[-86.25660052686283,12.108512428543586],[-86.2565998177495,12.108512844113761],[-86.2565991537106,12.108513325641761],[-86.25659854114117,12.108513868490208],[-86.25659798594062,12.10851446743117],[-86.25659749345577,12.108515116696523],[-86.2565970684296,12.108515810033483],[-86.25659671495526,12.10851654076484],[-86.25659643643698,12.108517301853254],[-86.25659623555698,12.10851808596902],[-86.2565961142499,12.108518885560683],[-86.25659607368398,12.10851969292773],[-86.25659611424987,12.108520500294782],[-86.2565962355569,12.108521299886451],[-86.25659643643682,12.10852208400223],[-86.2565967149551,12.108522845090656],[-86.25659706842937,12.108523575822034],[-86.25659749345554,12.108524269159016],[-86.25659798594036,12.108524918424392],[-86.25659854114092,12.10852551736538],[-86.25659915371034,12.108526060213851],[-86.25659981774928,12.108526541741874],[-86.25660052686261,12.108526957312074],[-86.25660127422125,12.10852730292228],[-86.25660205262767,12.108527575244077],[-86.25660285458545,12.10852777165486],[-86.25660367237124,12.108527890263083],[-86.25660449810935,12.108527929926487]]],"type":"Polygon"}},{"type":"Feature","properties":{"Recepción":""},"geometry":{"coordinates":[[[-86.25659761000958,12.108451503332656],[-86.25659843689021,12.10845146361436],[-86.25659925580753,12.108451344841985],[-86.2566000588749,12.10845114815937],[-86.25660083835837,12.108450875460681],[-86.25660158675106,12.108450529372153],[-86.25660229684556,12.108450113226809],[-86.25660296180327,12.108449631032352],[-86.25660357522027,12.108449087432584],[-86.25660413118904,12.108448487662667],[-86.25660462435526,12.108447837498714],[-86.25660504996951,12.108447143202158],[-86.25660540393285,12.108446411459454],[-86.25660568283648,12.108445649317687],[-86.25660588399437,12.108444864116697],[-86.25660600546925,12.108444063418402],[-86.25660604609126,12.108443254933963],[-86.2566060054692,12.108442446449523],[-86.25660588399425,12.108441645751233],[-86.25660568283634,12.108440860550257],[-86.25660540393268,12.108440098408506],[-86.2566050499693,12.108439366665824],[-86.256604624355,12.108438672369287],[-86.25660413118877,12.108438022205357],[-86.25660357522001,12.108437422435467],[-86.256602961803,12.108436878835724],[-86.25660229684532,12.108436396641292],[-86.25660158675085,12.108435980495969],[-86.25660083835818,12.108435634407462],[-86.25660005887475,12.108435361708786],[-86.25659925580743,12.108435165026183],[-86.25659843689016,12.108435046253817],[-86.25659761000958,12.108435006535524],[-86.256596783129,12.108435046253817],[-86.25659596421174,12.108435165026183],[-86.2565951611444,12.108435361708786],[-86.25659438166099,12.108435634407462],[-86.25659363326831,12.108435980495969],[-86.25659292317384,12.108436396641292],[-86.25659225821616,12.108436878835724],[-86.25659164479916,12.108437422435467],[-86.25659108883039,12.108438022205357],[-86.25659059566415,12.108438672369287],[-86.25659017004988,12.108439366665824],[-86.25658981608647,12.108440098408506],[-86.25658953718282,12.108440860550257],[-86.2565893360249,12.108441645751233],[-86.25658921454996,12.108442446449523],[-86.25658917392792,12.108443254933963],[-86.25658921454992,12.108444063418402],[-86.2565893360248,12.108444864116697],[-86.25658953718268,12.108445649317687],[-86.2565898160863,12.108446411459454],[-86.25659017004966,12.108447143202158],[-86.25659059566391,12.108447837498714],[-86.25659108883012,12.108448487662667],[-86.2565916447989,12.108449087432584],[-86.25659225821589,12.108449631032352],[-86.2565929231736,12.108450113226809],[-86.2565936332681,12.108450529372153],[-86.25659438166079,12.108450875460681],[-86.25659516114426,12.10845114815937],[-86.25659596421164,12.108451344841985],[-86.25659678312894,12.10845146361436],[-86.25659761000958,12.108451503332656]]],"type":"Polygon"}},{"type":"Feature","properties":{"Administracion":""},"geometry":{"coordinates":[[[-86.2566275343021,12.108397512273275],[-86.25662853639471,12.108397464138854],[-86.25662952883663,12.10839732019916],[-86.25663050207008,12.108397081840407],[-86.2566314467223,12.10839675135812],[-86.25663235369576,12.108396331935028],[-86.25663321425586,12.108395827610398],[-86.25663402011486,12.10839524324116],[-86.25663476351194,12.108394584455109],[-86.25663543728777,12.10839385759671],[-86.25663603495352,12.10839306966601],[-86.25663655075336,12.108392228251214],[-86.25663697971981,12.108391341455604],[-86.25663731772175,12.10839041781951],[-86.25663756150401,12.108389466238052],[-86.25663770871881,12.10838849587548],[-86.25663775794843,12.108387516076915],[-86.25663770871873,12.108386536278353],[-86.25663756150385,12.108385565915793],[-86.25663731772153,12.10838461433435],[-86.25663697971954,12.10838369069828],[-86.25663655075303,12.1083828039027],[-86.25663603495317,12.108381962487936],[-86.25663543728739,12.10838117455727],[-86.25663476351156,12.108380447698908],[-86.25663402011448,12.108379788912892],[-86.2566332142555,12.108379204543688],[-86.25663235369545,12.108378700219093],[-86.25663144672203,12.108378280796028],[-86.25663050206987,12.108377950313766],[-86.25662952883647,12.108377711955027],[-86.25662853639463,12.108377568015346],[-86.2566275343021,12.108377519880928],[-86.25662653220955,12.108377568015346],[-86.25662553976771,12.108377711955027],[-86.25662456653433,12.108377950313766],[-86.25662362188216,12.108378280796028],[-86.25662271490873,12.108378700219093],[-86.2566218543487,12.108379204543688],[-86.2566210484897,12.108379788912892],[-86.25662030509262,12.108380447698908],[-86.2566196313168,12.10838117455727],[-86.25661903365102,12.108381962487936],[-86.25661851785115,12.1083828039027],[-86.25661808888465,12.10838369069828],[-86.25661775088265,12.10838461433435],[-86.25661750710033,12.108385565915793],[-86.25661735988545,12.108386536278353],[-86.25661731065577,12.108387516076915],[-86.25661735988538,12.10838849587548],[-86.25661750710017,12.108389466238052],[-86.25661775088244,12.10839041781951],[-86.25661808888437,12.108391341455604],[-86.25661851785082,12.108392228251214],[-86.25661903365068,12.10839306966601],[-86.25661963131641,12.10839385759671],[-86.25662030509226,12.108394584455109],[-86.25662104848934,12.10839524324116],[-86.25662185434832,12.108395827610398],[-86.25662271490842,12.108396331935028],[-86.25662362188189,12.10839675135812],[-86.25662456653411,12.108397081840407],[-86.25662553976757,12.10839732019916],[-86.25662653220948,12.108397464138854],[-86.2566275343021,12.108397512273275]]],"type":"Polygon"}},{"type":"Feature","properties":{"Edificio A":"","stroke":"#fc811d","stroke-width":2,"stroke-opacity":1,"fill":"#fea239","fill-opacity":0.5},"geometry":{"coordinates":[[[-86.25668739012336,12.108592675681095],[-86.25668106578044,12.108316548475841],[-86.25658212936739,12.108316548475841],[-86.25658413304372,12.108592675681393],[-86.25668739012336,12.108592675681095]]],"type":"Polygon"}},{"type":"Feature","properties":{"marker-color":"#ff0000","marker-size":"medium","marker-symbol":"circle"},"geometry":{"coordinates":[-86.25662593435021,12.108444173171648],"type":"Point"}},{"type":"Feature","properties":{"Edificio A":""},"geometry":{"coordinates":[[[-86.25662575047666,12.108450359083358],[-86.25662637813448,12.10845032893451],[-86.25662699974762,12.108450238778316],[-86.2566276093296,12.108450089483027],[-86.25662820100982,12.108449882486441],[-86.25662876909001,12.108449619782048],[-86.25662930809936,12.108449303899835],[-86.25662981284684,12.108448937881919],[-86.25663027847148,12.108448525253255],[-86.25663070048903,12.108448069987679],[-86.25663107483527,12.108447576469652],[-86.25663139790501,12.108447049452025],[-86.25663166658693,12.108446494010257],[-86.25663187829348,12.108445915493565],[-86.2566320309858,12.108445319473374],[-86.25663212319337,12.108444711689689],[-86.25663215402821,12.108444097995797],[-86.25663212319336,12.108443484301908],[-86.25663203098573,12.108442876518227],[-86.25663187829339,12.108442280498043],[-86.25663166658683,12.10844170198136],[-86.25663139790488,12.108441146539603],[-86.25663107483513,12.108440619521986],[-86.25663070048887,12.108440126003973],[-86.2566302784713,12.108439670738413],[-86.25662981284668,12.108439258109764],[-86.25662930809924,12.108438892091863],[-86.25662876908991,12.10843857620966],[-86.25662820100969,12.108438313505276],[-86.2566276093295,12.108438106508702],[-86.25662699974757,12.10843795721342],[-86.25662637813446,12.108437867057232],[-86.25662575047666,12.108437836908385],[-86.25662512281885,12.108437867057232],[-86.25662450120575,12.10843795721342],[-86.25662389162379,12.108438106508702],[-86.25662329994361,12.108438313505276],[-86.2566227318634,12.10843857620966],[-86.25662219285408,12.108438892091863],[-86.25662168810662,12.108439258109764],[-86.25662122248198,12.108439670738413],[-86.25662080046443,12.108440126003973],[-86.25662042611819,12.108440619521986],[-86.25662010304843,12.108441146539603],[-86.25661983436649,12.10844170198136],[-86.2566196226599,12.108442280498043],[-86.25661946996756,12.108442876518227],[-86.25661937775996,12.108443484301908],[-86.25661934692509,12.108444097995797],[-86.25661937775993,12.108444711689689],[-86.2566194699675,12.108445319473374],[-86.25661962265983,12.108445915493565],[-86.25661983436638,12.108446494010257],[-86.2566201030483,12.108447049452025],[-86.25662042611805,12.108447576469652],[-86.25662080046428,12.108448069987679],[-86.25662122248184,12.108448525253255],[-86.25662168810646,12.108448937881919],[-86.25662219285394,12.108449303899835],[-86.25662273186327,12.108449619782048],[-86.2566232999435,12.108449882486441],[-86.2566238916237,12.108450089483027],[-86.25662450120569,12.108450238778316],[-86.25662512281883,12.10845032893451],[-86.25662575047666,12.108450359083358]]],"type":"Polygon"}},{"type":"Feature","properties":{"Bahia Central/Central Bay":""},"geometry":{"coordinates":[[[-86.25657676160021,12.108639736509499],[-86.25657997458858,12.108639582177272],[-86.25658315663408,12.108639120666899],[-86.25658627709191,12.108638356422977],[-86.25658930591031,12.108637296805597],[-86.25659221392011,12.108635952019453],[-86.25659497311557,12.108634335015577],[-86.25659755692415,12.108632461366605],[-86.25659994046231,12.10863034911681],[-86.25660210077532,12.108628018608313],[-86.25660401705815,12.10862549228519],[-86.25660567085598,12.108622794477323],[-86.25660704624183,12.108619951166077],[-86.25660812996998,12.108616989734099],[-86.25660891160354,12.1086139387016],[-86.25660938361499,12.108610827451697],[-86.25660954145857,12.108607685947428],[-86.25660938361422,12.108604544443194],[-86.25660891160204,12.108601433193401],[-86.25660812996779,12.10859838216108],[-86.25660704623904,12.10859542072934],[-86.25660567085272,12.108592577418388],[-86.25660401705451,12.10858987961085],[-86.25660210077145,12.10858735328809],[-86.25659994045839,12.108585022779968],[-86.2565975569203,12.108582910530547],[-86.25659497311194,12.108581036881935],[-86.25659221391685,12.108579419878392],[-86.25658930590753,12.108578075092542],[-86.25658627708972,12.1085770154754],[-86.25658315663259,12.108576251231657],[-86.25657997458781,12.10857578972139],[-86.25657676160021,12.108575635389203],[-86.25657354861264,12.10857578972139],[-86.25657036656784,12.108576251231657],[-86.25656724611072,12.1085770154754],[-86.2565642172929,12.108578075092542],[-86.2565613092836,12.108579419878392],[-86.2565585500885,12.108581036881935],[-86.25655596628016,12.108582910530547],[-86.25655358274206,12.108585022779968],[-86.25655142242898,12.10858735328809],[-86.25654950614593,12.10858987961085],[-86.25654785234774,12.108592577418388],[-86.2565464769614,12.10859542072934],[-86.25654539323266,12.10859838216108],[-86.25654461159841,12.108601433193401],[-86.25654413958623,12.108604544443194],[-86.25654398174186,12.108607685947428],[-86.25654413958547,12.108610827451697],[-86.25654461159691,12.1086139387016],[-86.25654539323047,12.108616989734099],[-86.25654647695863,12.108619951166077],[-86.25654785234445,12.108622794477323],[-86.25654950614229,12.10862549228519],[-86.25655142242512,12.108628018608313],[-86.25655358273812,12.10863034911681],[-86.25655596627631,12.108632461366605],[-86.25655855008486,12.108634335015577],[-86.25656130928033,12.108635952019453],[-86.25656421729012,12.108637296805597],[-86.25656724610852,12.108638356422977],[-86.25657036656635,12.108639120666899],[-86.25657354861185,12.108639582177272],[-86.25657676160021,12.108639736509499]]],"type":"Polygon"}},{"type":"Feature","properties":{"marker-color":"#ff0000","marker-size":"medium","marker-symbol":"circle"},"geometry":{"coordinates":[-86.25657554334641,12.108606511468679],"type":"Point"}},{"type":"Feature","properties":{},"geometry":{"coordinates":[[-86.25653875842717,12.108603514743905],[-86.25659571912415,12.108600133682259],[-86.25670134715939,12.108585647495786],[-86.25675029507619,12.108584746965661],[-86.25689330847334,12.108579466614714],[-86.25698553571603,12.108577186614752],[-86.25718931630443,12.108571230864541],[-86.25737690733749,12.108568586209756],[-86.25740984743204,12.108587988378488],[-86.2575683653791,12.108589542905108],[-86.2576414418294,12.108596468155952],[-86.25782447413867,12.10859069387665]],"type":"LineString"}},{"type":"Feature","properties":{"Baños Ed.M":"Ed.M"},"geometry":{"coordinates":[[[-86.25752526886217,12.108414822848989],[-86.2575272408698,12.10841472812576],[-86.25752919388594,12.108414444868307],[-86.25753110910193,12.10841397580456],[-86.25753296807318,12.108413325451851],[-86.25753475289683,12.108412500073438],[-86.25753644638404,12.108411507618174],[-86.25753803222554,12.108410357643939],[-86.25753949514889,12.108409061225618],[-86.25754082106529,12.108407630848433],[-86.25754199720545,12.108406080287697],[-86.25754301224251,12.108404424476161],[-86.25754385640109,12.108402679360196],[-86.25754452155148,12.108400861746226],[-86.25754500128795,12.108398989138866],[-86.25754529099036,12.10839707957235],[-86.25754538786875,12.108395151436852],[-86.25754529099007,12.108393223301366],[-86.25754500128738,12.108391313734892],[-86.25754452155064,12.1083894411276],[-86.25754385640003,12.108387623513718],[-86.25754301224126,12.108385878397863],[-86.25754199720409,12.108384222586453],[-86.25754082106383,12.10838267202585],[-86.25753949514743,12.108381241648807],[-86.2575380322241,12.108379945230629],[-86.25753644638266,12.10837879525653],[-86.25753475289561,12.108377802801389],[-86.25753296807214,12.108376977423088],[-86.2575311091011,12.108376327070472],[-86.25752919388536,12.108375858006788],[-86.25752724086954,12.108375574749376],[-86.25752526886217,12.108375480026162],[-86.25752329685483,12.108375574749376],[-86.25752134383899,12.108375858006788],[-86.25751942862325,12.108376327070472],[-86.25751756965222,12.108376977423088],[-86.25751578482874,12.108377802801389],[-86.25751409134169,12.10837879525653],[-86.25751250550024,12.108379945230629],[-86.25751104257695,12.108381241648807],[-86.25750971666052,12.10838267202585],[-86.25750854052028,12.108384222586453],[-86.25750752548309,12.108385878397863],[-86.25750668132432,12.108387623513718],[-86.2575060161737,12.1083894411276],[-86.25750553643698,12.108391313734892],[-86.25750524673427,12.108393223301366],[-86.2575051498556,12.108395151436852],[-86.25750524673398,12.10839707957235],[-86.2575055364364,12.108398989138866],[-86.25750601617287,12.108400861746226],[-86.25750668132326,12.108402679360196],[-86.25750752548186,12.108404424476161],[-86.2575085405189,12.108406080287697],[-86.25750971665907,12.108407630848433],[-86.25751104257546,12.108409061225618],[-86.2575125054988,12.108410357643939],[-86.25751409134034,12.108411507618174],[-86.25751578482752,12.108412500073438],[-86.25751756965117,12.108413325451851],[-86.25751942862244,12.10841397580456],[-86.25752134383842,12.108414444868307],[-86.25752329685454,12.10841472812576],[-86.25752526886217,12.108414822848989]]],"type":"Polygon"}},{"type":"Feature","properties":{"XD?":""},"geometry":{"coordinates":[[[-86.25740119959386,12.10782062682506],[-86.25739937035614,12.107721068022727],[-86.25728813638274,12.107726377721121],[-86.25729076534284,12.107826089119555],[-86.25740119959386,12.10782062682506]]],"type":"Polygon"}},{"type":"Feature","properties":{"Parqueo Plazoleta":"","marker-color":"#ff0000","marker-size":"medium","marker-symbol":"circle"},"geometry":{"coordinates":[-86.25691851276346,12.10921672269113],"type":"Point"}},{"type":"Feature","properties":{"Parqueo Docentes/Teacher Parking":"","marker-color":"#ff0000","marker-size":"medium","marker-symbol":"circle"},"geometry":{"coordinates":[-86.25731424095805,12.10954875384563],"type":"Point"}},{"type":"Feature","properties":{"Banco":"","stroke":"#218232","stroke-width":2,"stroke-opacity":1,"fill":"#3dd147","fill-opacity":0.5},"geometry":{"coordinates":[[[-86.25642015441612,12.108821277644822],[-86.25641815537064,12.108704713917163],[-86.2563520365699,12.108706645950292],[-86.25636183268873,12.108821089963058],[-86.25642015441612,12.108821277644822]]],"type":"Polygon"}},{"type":"Feature","properties":{"Banpro/Bank":""},"geometry":{"coordinates":[[[-86.25639160841398,12.108764538187692],[-86.25639353787517,12.108764445508271],[-86.25639544875462,12.108764168362555],[-86.25639732264948,12.108763709419618],[-86.2563991415131,12.108763073099324],[-86.25640088782886,12.10876226552979],[-86.25640254477875,12.108761294488355],[-86.25640409640548,12.108760169326676],[-86.25640552776595,12.108758900880682],[-86.25640682507547,12.108757501366203],[-86.25640797584019,12.108755984261323],[-86.25640896897765,12.108754364176605],[-86.25640979492336,12.10875265671434],[-86.25641044572302,12.108750878318334],[-86.25641091510909,12.108749046115513],[-86.25641119856112,12.108747177750987],[-86.25641129334933,12.10874529121813],[-86.25641119856085,12.10874340468529],[-86.25641091510855,12.108741536320801],[-86.25641044572224,12.108739704118044],[-86.25640979492235,12.108737925722123],[-86.25640896897646,12.108736218259969],[-86.25640797583888,12.108734598175367],[-86.2564068250741,12.108733081070621],[-86.25640552776454,12.108731681556273],[-86.25640409640407,12.108730413110417],[-86.25640254477744,12.108729287948865],[-86.25640088782768,12.10872831690755],[-86.25639914151209,12.108727509338124],[-86.2563973226487,12.108726873017917],[-86.25639544875408,12.108726414075038],[-86.2563935378749,12.108726136929366],[-86.25639160841398,12.108726044249957],[-86.25638967895304,12.108726136929366],[-86.25638776807388,12.108726414075038],[-86.25638589417925,12.108726873017917],[-86.25638407531584,12.108727509338124],[-86.25638232900025,12.10872831690755],[-86.2563806720505,12.108729287948865],[-86.25637912042386,12.108730413110417],[-86.25637768906338,12.108731681556273],[-86.25637639175385,12.108733081070621],[-86.25637524098906,12.108734598175367],[-86.25637424785147,12.108736218259969],[-86.25637342190558,12.108737925722123],[-86.2563727711057,12.108739704118044],[-86.25637230171938,12.108741536320801],[-86.25637201826709,12.10874340468529],[-86.2563719234786,12.10874529121813],[-86.25637201826682,12.108747177750987],[-86.25637230171884,12.108749046115513],[-86.2563727711049,12.108750878318334],[-86.25637342190458,12.10875265671434],[-86.2563742478503,12.108754364176605],[-86.25637524098774,12.108755984261323],[-86.25637639175245,12.108757501366203],[-86.25637768906198,12.108758900880682],[-86.25637912042247,12.108760169326676],[-86.2563806720492,12.108761294488355],[-86.2563823289991,12.10876226552979],[-86.25638407531484,12.108763073099324],[-86.25638589417845,12.108763709419618],[-86.25638776807331,12.108764168362555],[-86.25638967895276,12.108764445508271],[-86.25639160841398,12.108764538187692]]],"type":"Polygon"}},{"type":"Feature","properties":{"Banco":"","marker-color":"#ff0000","marker-size":"medium","marker-symbol":"circle"},"geometry":{"coordinates":[-86.25639122737589,12.108742171252246],"type":"Point"}},{"type":"Feature","properties":{"Entrada Principal/Main Entrance":""},"geometry":{"coordinates":[[[-86.25654734472155,12.109744425370694],[-86.25655426947836,12.109744092749207],[-86.25656112754594,12.109743098088073],[-86.25656785287727,12.109741450966434],[-86.2565743807037,12.10973916724698],[-86.25658064815866,12.109736268923193],[-86.25658659488309,12.10973278390754],[-86.25659216360678,12.109728745762647],[-86.25659730069984,12.109724193378078],[-86.25660195668924,12.109719170595813],[-86.2566060867353,12.109713725788012],[-86.25660965106341,12.10970791139118],[-86.25661261534718,12.109701783401157],[-86.25661495103894,12.109695400833855],[-86.25661663564476,12.109688825156905],[-86.25661765294102,12.109682119697679],[-86.25661799313063,12.109675349033427],[-86.25661765293745,12.109668578369345],[-86.25661663563777,12.10966187291063],[-86.2566149510288,12.109655297234504],[-86.25661261533425,12.109648914668314],[-86.25660965104821,12.109642786679647],[-86.25660608671842,12.109636972284358],[-86.25660195667133,12.109631527478236],[-86.25659730068156,12.109626504697712],[-86.25659216358885,12.109621952314885],[-86.2565865948662,12.109617914171668],[-86.25658064814345,12.10961442915756],[-86.25657438069078,12.109611530835128],[-86.25656785286711,12.109609247116783],[-86.25656112753894,12.10960759999597],[-86.25655426947479,12.109606605335347],[-86.25654734472155,12.10960627271403],[-86.25654041996832,12.109606605335347],[-86.25653356190419,12.10960759999597],[-86.256526836576,12.109609247116783],[-86.25652030875234,12.109611530835128],[-86.25651404129965,12.10961442915756],[-86.25650809457692,12.109617914171668],[-86.25650252585426,12.109621952314885],[-86.25649738876156,12.109626504697712],[-86.25649273277179,12.109631527478236],[-86.25648860272469,12.109636972284358],[-86.2564850383949,12.109642786679647],[-86.25648207410887,12.109648914668314],[-86.25647973841434,12.109655297234504],[-86.25647805380534,12.10966187291063],[-86.25647703650567,12.109668578369345],[-86.25647669631248,12.109675349033427],[-86.2564770365021,12.109682119697679],[-86.25647805379836,12.109688825156905],[-86.25647973840418,12.109695400833855],[-86.25648207409594,12.109701783401157],[-86.25648503837971,12.10970791139118],[-86.2564886027078,12.109713725788012],[-86.25649273275387,12.109719170595813],[-86.25649738874328,12.109724193378078],[-86.25650252583634,12.109728745762647],[-86.25650809456003,12.10973278390754],[-86.25651404128446,12.109736268923193],[-86.25652030873943,12.10973916724698],[-86.25652683656585,12.109741450966434],[-86.25653356189719,12.109743098088073],[-86.25654041996475,12.109744092749207],[-86.25654734472155,12.109744425370694]]],"type":"Polygon"}},{"type":"Feature","properties":{"Rótulo UAM/UAM sign wall":"","marker-color":"#ff0000","marker-size":"medium","marker-symbol":"circle"},"geometry":{"coordinates":[-86.25663618370875,12.109366477896316],"type":"Point"}},{"type":"Feature","properties":{},"geometry":{"coordinates":[[-86.25651301024611,12.109469488584267],[-86.25647271593527,12.108625660269126],[-86.25577687011545,12.108650523367444],[-86.25576605415463,12.108450305517053],[-86.25648769267409,12.108405716513971],[-86.25648233650499,12.108433225695933],[-86.25577609020506,12.10847593352048],[-86.25576714619771,12.108293055898386],[-86.25649549219455,12.108276227081191],[-86.25649250989153,12.108227540135246],[-86.2564719184144,12.108093012509201],[-86.25640172019732,12.107923708938458],[-86.25639254141878,12.107814717585214],[-86.2564434849249,12.107570061248012],[-86.25646895667688,12.107467798688347],[-86.25648993341476,12.107117661250612],[-86.25652139852127,12.107004855367336],[-86.25658128944617,12.106931056360452],[-86.2575671891912,12.106658272309247],[-86.25764196679881,12.10667522751271],[-86.25769291030495,12.10691255960819],[-86.25771238870409,12.107097151091722],[-86.25771238870409,12.107231932095175],[-86.25769141196623,12.107466333676925],[-86.25768392027399,12.107537443734671],[-86.25780079067016,12.108082426472109],[-86.25780678402283,12.108131433611106],[-86.25781127903805,12.108178313786354],[-86.25781727239152,12.108238378998323],[-86.25783075743722,12.108841854474008],[-86.2578232657455,12.108998609609927],[-86.25783075743892,12.109347279582721],[-86.25782476408543,12.109380974555876],[-86.2578142757163,12.109405879533284],[-86.25777681725629,12.109432249507606],[-86.25710705998415,12.109445434492926],[-86.25674146541049,12.109452759484881]],"type":"LineString"}},{"type":"Feature","properties":{},"geometry":{"coordinates":[[-86.25647594036238,12.108688790495364],[-86.25647294368582,12.10860089032819],[-86.25649541876193,12.108269799440095]],"type":"LineString"}},{"type":"Feature","properties":{},"geometry":{"coordinates":[[-86.25637278378329,12.108440155356135],[-86.25636934212983,12.108276657432555]],"type":"LineString"}},{"type":"Feature","properties":{},"geometry":{"coordinates":[[-86.25719202585896,12.10820156901434],[-86.25649380015726,12.108225009096913]],"type":"LineString"}},{"type":"Feature","properties":{},"geometry":{"coordinates":[[-86.25640179677885,12.107924435551823],[-86.2562414745683,12.107984500820848],[-86.25607665734256,12.108015265953782],[-86.2558758799946,12.108022590984945]],"type":"LineString"}},{"type":"Feature","properties":{},"geometry":{"coordinates":[[-86.25601324124818,12.107233785778547],[-86.25648584907806,12.107167353556477]],"type":"LineString"}},{"type":"Feature","properties":{},"geometry":{"coordinates":[[-86.25763796240714,12.106680406207033],[-86.25895114830607,12.106267430168359],[-86.25899722500453,12.1062373955223],[-86.25904714142747,12.106128519901816],[-86.2589836566597,12.104510467115801]],"type":"LineString"}},{"type":"Feature","properties":{},"geometry":{"coordinates":[[-86.25735328901528,12.107597962357616],[-86.25643407666509,12.107609882315998]],"type":"LineString"}},{"type":"Feature","properties":{},"geometry":{"coordinates":[[-86.25706945963837,12.10944373797281],[-86.25706636420132,12.109306026895766],[-86.25711365668293,12.109276992448983],[-86.25710713064456,12.109068518646353],[-86.2570839674689,12.109051830795508],[-86.2567669976931,12.109060174721407],[-86.25675114920384,12.109070902624651],[-86.25674261540235,12.109224669196436],[-86.25674139628795,12.109315260313863],[-86.25706670281856,12.109305549300679],[-86.25723788159777,12.109262993787667]],"type":"LineString"}},{"type":"Feature","properties":{},"geometry":{"coordinates":[[-86.25681139667225,12.109451135086928],[-86.25681627313057,12.109533382216682],[-86.25682968338963,12.10954887805039],[-86.25783911021509,12.10951550240847],[-86.25804329163986,12.109505593787816],[-86.25809363351947,12.109542341927579],[-86.25821794821161,12.109535548770722],[-86.25832752948014,12.10948385148992],[-86.2583926940979,12.109372027584673],[-86.2585102226308,12.109370329298315]],"type":"LineString"}},{"type":"Feature","properties":{},"geometry":{"coordinates":[[-86.25728319399272,12.109533382216682],[-86.25728319399272,12.109442791173933]],"type":"LineString"}},{"type":"Feature","properties":{},"geometry":{"coordinates":[[-86.2578378911007,12.10951669439558],[-86.2578378911007,12.109453519061844],[-86.25780863235164,12.109409415518726]],"type":"LineString"}},{"type":"Feature","properties":{},"geometry":{"coordinates":[[-86.25753121478319,12.109435732276324],[-86.25752999566807,12.10933679728349],[-86.25770798638844,12.109340373247335],[-86.25772871133532,12.10933679728349],[-86.2577384642519,12.109314149508506],[-86.2577409024807,12.109298653661824],[-86.25774160870317,12.109028195623708],[-86.25775867630614,12.109013891749882],[-86.25782328937628,12.109009123791566]],"type":"LineString"}},{"type":"Feature","properties":{},"geometry":{"coordinates":[[-86.25753070189056,12.109338112703853],[-86.25753656879839,12.109041950920684]],"type":"LineString"}},{"type":"Feature","properties":{},"geometry":{"coordinates":[[-86.25782700316677,12.10890318325427],[-86.25769655791282,12.10890199126436],[-86.25768558588184,12.108896031314089],[-86.25768277514815,12.10861968758806],[-86.25782490387638,12.1086162776609]],"type":"LineString"}},{"type":"Feature","properties":{},"geometry":{"coordinates":[[-86.25659504814999,12.109462195706428],[-86.25658042910425,12.10925970081722],[-86.25657677434283,12.109072690695001],[-86.25657311958139,12.108921414895477],[-86.25656946481955,12.108826411328508],[-86.25656215529669,12.108726354811267],[-86.2565402267281,12.10868347343498],[-86.25653779022049,12.108589372613565]],"type":"LineString"}},{"type":"Feature","properties":{},"geometry":{"coordinates":[[-86.25777782109922,12.108592639129796],[-86.25776849537095,12.10830669011986],[-86.25781844377644,12.108294778608425]],"type":"LineString"}},{"type":"Feature","properties":{},"geometry":{"coordinates":[[-86.25776849537095,12.10830669011986],[-86.25763764572835,12.108287114793555]],"type":"LineString"}},{"type":"Feature","properties":{},"geometry":{"coordinates":[[-86.2577777798535,12.108592928290037],[-86.25763473161781,12.108287093815974]],"type":"LineString"}},{"type":"Feature","properties":{},"geometry":{"coordinates":[[-86.25755134494787,12.108636613065713],[-86.25755040548746,12.108590031080567]],"type":"LineString"}},{"type":"Feature","properties":{},"geometry":{"coordinates":[[-86.25736630342254,12.108532670328387],[-86.25737841800706,12.10878431558217],[-86.25738085451468,12.108959414424518],[-86.25738207276837,12.109062324889322]],"type":"LineString"}},{"type":"Feature","properties":{},"geometry":{"coordinates":[[-86.25738085451455,12.108999194051947],[-86.25719446168307,12.108999194051947]],"type":"LineString"}},{"type":"Feature","properties":{},"geometry":{"coordinates":[[-86.25719946319754,12.108999926532448],[-86.25719459018228,12.108571112902396]],"type":"LineString"}},{"type":"Feature","properties":{},"geometry":{"coordinates":[[-86.25719983424729,12.108999980866841],[-86.25720348900872,12.109220343158569],[-86.25723881836917,12.109263224448668],[-86.25733506041945,12.109269180182835],[-86.25738257231733,12.109260842154939],[-86.25738500882494,12.109291811970877]],"type":"LineString"}},{"type":"Feature","properties":{},"geometry":{"coordinates":[[-86.25738179847298,12.109260989822147],[-86.25738423498059,12.109205005914461],[-86.2574366198937,12.109206197061596],[-86.2574366198937,12.10903467182466],[-86.25737936196533,12.109032289528898]],"type":"LineString"}},{"type":"Feature","properties":{},"geometry":{"coordinates":[[-86.25743612470409,12.109037395630466],[-86.25755185165622,12.109043116104502],[-86.25768251617461,12.109037395630466],[-86.25774089857481,12.10903139113249]],"type":"LineString"}},{"type":"Feature","properties":{},"geometry":{"coordinates":[[-86.25782683220997,12.10905455705226],[-86.25785413524392,12.109058370701362],[-86.25788172682142,12.10941494665228],[-86.25789157204031,12.10944202232271],[-86.25796847973885,12.109442690609683],[-86.25796614070632,12.109419572645663]],"type":"LineString"}},{"type":"Feature","properties":{},"geometry":{"coordinates":[[-86.25785710218669,12.109095340587672],[-86.25792389673066,12.109091788013615],[-86.25797713467351,12.109090234771415]],"type":"LineString"}},{"type":"Feature","properties":{},"geometry":{"coordinates":[[-86.25803562819237,12.109048612202884],[-86.25794474067642,12.109050674700129]],"type":"LineString"}},{"type":"Feature","properties":{},"geometry":{"coordinates":[[-86.25737756621878,12.108789497356355],[-86.25740309518778,12.108803233021774],[-86.2575885572308,12.108802943650446],[-86.25759005083964,12.10870307269478],[-86.25758739392631,12.108621426236823],[-86.25755116190903,12.108618895814246]],"type":"LineString"}},{"type":"Feature","properties":{},"geometry":{"coordinates":[[-86.2574900512112,12.108791876489505],[-86.25749039482527,12.108779445627803]],"type":"LineString"}},{"type":"Feature","properties":{},"geometry":{"coordinates":[[-86.25737922735343,12.108875199067384],[-86.25742355359425,12.108871503406476]],"type":"LineString"}},{"type":"Feature","properties":{},"geometry":{"coordinates":[[-86.25738015198404,12.10897531792277],[-86.2574272271395,12.108969942418867]],"type":"LineString"}},{"type":"Feature","properties":{},"geometry":{"coordinates":[[-86.25756139546361,12.109043324917266],[-86.25755812185993,12.108979766827787],[-86.25755391294028,12.108968335514817]],"type":"LineString"}},{"type":"Feature","properties":{},"geometry":{"coordinates":[[-86.25756064959981,12.108987980901219],[-86.25759664254882,12.108986694065521],[-86.2575940787787,12.108947336050377],[-86.2577293060028,12.10894455823231],[-86.25782517583224,12.108944100979485]],"type":"LineString"}},{"type":"Feature","properties":{},"geometry":{"coordinates":[[-86.25782814718758,12.108941723307467],[-86.25790105045205,12.108941723307467],[-86.25789711378827,12.108861087578646],[-86.25852630118887,12.108827306389472],[-86.25853700664416,12.109111237387566],[-86.25854484259007,12.109305095166576]],"type":"LineString"}},{"type":"Feature","properties":{},"geometry":{"coordinates":[[-86.25789552600507,12.10887254557312],[-86.25783140968906,12.10884122480681]],"type":"LineString"}},{"type":"Feature","properties":{},"geometry":{"coordinates":[[-86.25797672777949,12.109090094282692],[-86.2579002969305,12.108941056712112]],"type":"LineString"}},{"type":"Feature","properties":{},"geometry":{"coordinates":[[-86.2582089495051,12.108884938585305],[-86.25820738396615,12.108845263269139]],"type":"LineString"}},{"type":"Feature","properties":{},"geometry":{"coordinates":[[-86.25850749057119,12.109019263619643],[-86.2585538637787,12.109013209041379],[-86.25866436907856,12.109012243025845],[-86.25868651413593,12.109022020160282],[-86.25869341685296,12.109153182733351],[-86.25872035579228,12.109195675362969],[-86.25872168922147,12.109248554157944],[-86.25873479490974,12.109281571704415],[-86.25886977355792,12.10927990220064],[-86.25887214429295,12.10945699977124],[-86.25870682286735,12.109462496774341],[-86.25872177556703,12.109248046195148]],"type":"LineString"}},{"type":"Feature","properties":{},"geometry":{"coordinates":[[-86.25868731574079,12.109153020085387],[-86.25877120769358,12.109152314067188],[-86.25887867481867,12.10914961930132],[-86.25888743276644,12.109502498040058]],"type":"LineString"}},{"type":"Feature","properties":{},"geometry":{"coordinates":[[-86.2588736888155,12.10927702103075],[-86.2588857502345,12.109275874484908]],"type":"LineString"}},{"type":"Feature","properties":{},"geometry":{"coordinates":[[-86.25879053109168,12.10915185943999],[-86.25879602891966,12.1090235193399]],"type":"LineString"}},{"type":"Feature","properties":{},"geometry":{"coordinates":[[-86.25869266044904,12.109141669745796],[-86.25886583366653,12.109136532183648],[-86.25885968560159,12.109038720415345],[-86.25894289531747,12.10903234192321],[-86.2589403507932,12.108972722600384]],"type":"LineString"}},{"type":"Feature","properties":{},"geometry":{"coordinates":[[-86.25653842379444,12.108592185826183],[-86.25654282433756,12.108452350025146],[-86.2565450246091,12.108423307196404],[-86.25655856403752,12.108374056965516],[-86.25655484405823,12.108343273044966],[-86.25655704432978,12.108305599882414],[-86.25656437691329,12.10828385651277],[-86.2566231342486,12.10828024432466],[-86.256670440087,12.10828347130824],[-86.2566785094044,12.108271844155354],[-86.25667924117325,12.108243671850062],[-86.25667594076587,12.108224309949009],[-86.25668364171634,12.108186661804723],[-86.25667154022278,12.108151164976874],[-86.25666383927236,12.108085549617769],[-86.25666383927236,12.108019934242606],[-86.25666082836958,12.107973256035024],[-86.25665862809804,12.107959272426427],[-86.25665092714759,12.107936683517053],[-86.25664322619716,12.107911943282133],[-86.25662672416117,12.107835571236762],[-86.25662342375381,12.107809755328944],[-86.25662782429714,12.107746291212322],[-86.25662782429714,12.107686054070058],[-86.25667292986334,12.10764948151278],[-86.25670263352933,12.1076484058499],[-86.2567400381451,12.107647330185756],[-86.25673123705887,12.107602152314854],[-86.25673233719463,12.107572033729198],[-86.25673123705887,12.107546217795885],[-86.25673893800932,12.107494585921842],[-86.2567345374662,12.107468769981068]],"type":"LineString"}},{"type":"Feature","properties":{},"geometry":{"coordinates":[[-86.25673463309495,12.107470644391043],[-86.25673510852556,12.107440479698429],[-86.25683490343721,12.107440058741098],[-86.25699034517177,12.107441914704978],[-86.25709369396542,12.107439049382805],[-86.25716943101867,12.107441914705461],[-86.2572513917823,12.107440365722724],[-86.2574068502091,12.107444232113409],[-86.25741385112809,12.107461811550579],[-86.2574126154362,12.107520447667667],[-86.25740942727865,12.107567958010364],[-86.257457039405,12.107565386598807],[-86.25748121731264,12.107550084864528],[-86.25755557877629,12.107546380047026],[-86.2576445737344,12.10754594669605],[-86.25765517072965,12.107595833747297],[-86.25765931457701,12.107725392377233],[-86.25764381151903,12.107772343299153],[-86.25766390868496,12.107796959628686]],"type":"LineString"}},{"type":"Feature","properties":{},"geometry":{"coordinates":[[-86.25658888777889,12.109671729015005],[-86.2565543449248,12.109465917399618],[-86.25664717884513,12.109457473843705],[-86.25674217169299,12.109452196620438]],"type":"LineString"}},{"type":"Feature","properties":{},"geometry":{"coordinates":[[-86.25653099966597,12.109663714895433],[-86.25651237437789,12.109471892346406],[-86.2565543449248,12.1094669728447]],"type":"LineString"}},{"type":"Feature","properties":{},"geometry":{"coordinates":[[-86.25655263718606,12.109468636916162],[-86.25652133272584,12.109196528084368],[-86.25650622022756,12.108809179249477],[-86.25650082290662,12.108699237105668],[-86.25649758451382,12.10850281833676],[-86.25650190237084,12.108324732987043],[-86.2565029818349,12.108252962437618],[-86.25649434612167,12.108221298955144],[-86.25648463094377,12.10818119187013]],"type":"LineString"}},{"type":"Feature","properties":{},"geometry":{"coordinates":[[-86.25657951711773,12.109234383342098],[-86.25720236795267,12.109217496212835]],"type":"LineString"}},{"type":"Feature","properties":{},"geometry":{"coordinates":[[-86.25657348515364,12.1089790559911],[-86.25719849491674,12.108946337147572]],"type":"LineString"}},{"type":"Feature","properties":{},"geometry":{"coordinates":[[-86.25674835835171,12.108969556972752],[-86.25675311541174,12.108941686339136],[-86.25688652976753,12.10891361830005],[-86.25688221191062,12.108760578473792],[-86.25697956642342,12.108698969762727]],"type":"LineString"}},{"type":"Feature","properties":{},"geometry":{"coordinates":[[-86.25659175831538,12.109422713703566],[-86.25711725049314,12.109402534273556],[-86.25753002380546,12.109396325217531],[-86.25782531548252,12.109363727672132]],"type":"LineString"}},{"type":"Feature","properties":{},"geometry":{"coordinates":[[-86.25674744045216,12.10874202066097],[-86.25674462986574,12.108544215576998],[-86.2573436493177,12.108528711875337],[-86.25742693592885,12.10854511593132]],"type":"LineString"}},{"type":"Feature","properties":{},"geometry":{"coordinates":[[-86.25674588381725,12.10854470253149],[-86.25666742030205,12.108545956712689],[-86.25666351711826,12.108397206520024],[-86.2573590559232,12.108388354894743],[-86.25742198101304,12.108370696499023]],"type":"LineString"}},{"type":"Feature","properties":{},"geometry":{"coordinates":[[-86.25697966972214,12.108699413054538],[-86.25702170368135,12.108700005851006],[-86.257012087398,12.108390733047983]],"type":"LineString"}},{"type":"Feature","properties":{},"geometry":{"coordinates":[[-86.25666346933058,12.108397293433711],[-86.25666132460012,12.108284396214486]],"type":"LineString"}},{"type":"Feature","properties":{},"geometry":{"coordinates":[[-86.25741968745643,12.108296438554277],[-86.25741770399735,12.108239228241857],[-86.25736415061269,12.10824019790762],[-86.25736315888342,12.108135473913478],[-86.25735621677751,12.108025901541126],[-86.25736018369508,12.107973539506617],[-86.25736117542435,12.107843604043822],[-86.25726955720225,12.107848138351315]],"type":"LineString"}},{"type":"Feature","properties":{},"geometry":{"coordinates":[[-86.25719032153269,12.108201646951187],[-86.25736358704205,12.108190864079361]],"type":"LineString"}},{"type":"Feature","properties":{},"geometry":{"coordinates":[[-86.25727959600083,12.108195225350784],[-86.25726916426984,12.107842529937585]],"type":"LineString"}},{"type":"Feature","properties":{},"geometry":{"coordinates":[[-86.25739174517258,12.108240840523763],[-86.25739174517258,12.10826081584895],[-86.25722422059617,12.108263212887096],[-86.25722176901675,12.108199291842809]],"type":"LineString"}},{"type":"Feature","properties":{},"geometry":{"coordinates":[[-86.25666378807493,12.108053535832994],[-86.25669119438577,12.108050495029673],[-86.25675899418333,12.108051797794964],[-86.25683302642923,12.108052230019027],[-86.25683302642922,12.108074375616866],[-86.2569473540658,12.108073505074401],[-86.25694683573393,12.108060338826448]],"type":"LineString"}},{"type":"Feature","properties":{},"geometry":{"coordinates":[[-86.25665979294678,12.107964891825901],[-86.25663586864363,12.10796474267164],[-86.25663564293804,12.107950961508351],[-86.25654902047394,12.107949727223527],[-86.25651388117281,12.107953209396328],[-86.25651596073409,12.108052637017003],[-86.2566622769417,12.108052387484463]],"type":"LineString"}},{"type":"Feature","properties":{},"geometry":{"coordinates":[[-86.25684203323293,12.108212801804541],[-86.25684031945558,12.107933013363521],[-86.25682570184291,12.107910193508715],[-86.25682466039721,12.107882336124042],[-86.25672434496339,12.107882771395538],[-86.2567226311849,12.107814979958107],[-86.25671817943677,12.107732681472186],[-86.25672144820915,12.107674353403908],[-86.25672880294638,12.107647836762254]],"type":"LineString"}},{"type":"Feature","properties":{},"geometry":{"coordinates":[[-86.25671826448189,12.107736715882595],[-86.25670168244736,12.107785667167633],[-86.2566921158887,12.107805933621066],[-86.25666819949207,12.107815599160034],[-86.25662514997887,12.107823393948394]],"type":"LineString"}},{"type":"Feature","properties":{},"geometry":{"coordinates":[[-86.25673147060766,12.107586963869139],[-86.25643891549365,12.107590159929629]],"type":"LineString"}},{"type":"Feature","properties":{},"geometry":{"coordinates":[[-86.25673882534538,12.107646090971642],[-86.25684627916412,12.10764819580379],[-86.25684353495845,12.107683041949073],[-86.25730729908571,12.107682516857366],[-86.25738027824895,12.107679237077875],[-86.25737933344806,12.107641415555918],[-86.2573794984562,12.107595395385971],[-86.25740939209128,12.1075672269247]],"type":"LineString"}},{"type":"Feature","properties":{},"geometry":{"coordinates":[[-86.25736887345876,12.107573252982903],[-86.25736806012762,12.107570337106083]],"type":"LineString"}},{"type":"Feature","properties":{},"geometry":{"coordinates":[[-86.25741568601593,12.107461953258024],[-86.2574687396175,12.1074609000827],[-86.25746645023433,12.107354869611697],[-86.25746772815069,12.10729582389689],[-86.25738195894976,12.107298156817919],[-86.25734812771114,12.107284001307306],[-86.25733129512106,12.107268366039875],[-86.25726648964803,12.107253553679783],[-86.2570183784059,12.107216769928684],[-86.25691963324506,12.107186053895035],[-86.25687250199204,12.107177824803827]],"type":"LineString"}},{"type":"Feature","properties":{},"geometry":{"coordinates":[[-86.25746698402804,12.107308304162018],[-86.25667412640452,12.107304445666031],[-86.25667662639525,12.107471549644472],[-86.25673531638057,12.107470780292488]],"type":"LineString"}},{"type":"Feature","properties":{},"geometry":{"coordinates":[[-86.25667335770807,12.107304176973258],[-86.25667143553517,12.10723762279656],[-86.25668229372103,12.107199220439966],[-86.25673952459876,12.107190168451837],[-86.25679536960477,12.10718687682673],[-86.25683628496883,12.107182762282108],[-86.25687331669278,12.107178647741009]],"type":"LineString"}},{"type":"Feature","properties":{},"geometry":{"coordinates":[[-86.25736155485657,12.108104093598428],[-86.25742569585196,12.108078391101941],[-86.25746039507902,12.108051146453406],[-86.25749562005264,12.108050632402453],[-86.25758922853778,12.108065995046374],[-86.25761215853588,12.108082958707286],[-86.25764199219363,12.108097651181822],[-86.25768359104043,12.108100622836545],[-86.25780293535091,12.108097538538033]],"type":"LineString"}},{"type":"Feature","properties":{},"geometry":{"coordinates":[[-86.2574590975566,12.108051788091657],[-86.25746731682206,12.107940132062012],[-86.2574722185654,12.107900941646278],[-86.25749807816304,12.107864848570088],[-86.25753908449211,12.107835543717329],[-86.25755052945973,12.107811932533352],[-86.25761210725794,12.107813434976961],[-86.25766393587747,12.107797929410296],[-86.2576597299104,12.107740355749428],[-86.25765948657742,12.107725448281698],[-86.25765466854602,12.10757336008696],[-86.25769358678798,12.107443611513958]],"type":"LineString"}},{"type":"Feature","properties":{},"geometry":{"coordinates":[[-86.25758612527517,12.1078062064216],[-86.25754774582717,12.107786672503195],[-86.25754827157266,12.107757885673678],[-86.25748202759404,12.107755315420818],[-86.25747046118505,12.107734753396954],[-86.25742787577059,12.10772961289075],[-86.25742524704124,12.107701340104825],[-86.25741893808998,12.107680705172356],[-86.25738266160704,12.107682247309498],[-86.25737862012927,12.107601498089963],[-86.2573526893035,12.107598658075531],[-86.25729797511809,12.107599345595787]],"type":"LineString"}},{"type":"Feature","properties":{},"geometry":{"coordinates":[[-86.25732698452174,12.107649464625922],[-86.25732715215989,12.107646842082232]],"type":"LineString"}},{"type":"Feature","properties":{},"geometry":{"coordinates":[[-86.2572668787441,12.107684430056025],[-86.25726918249936,12.10784419194971]],"type":"LineString"}},{"type":"Feature","properties":{},"geometry":{"coordinates":[[-86.25728563839276,12.107812390598099],[-86.25740850358298,12.107809030261478],[-86.25740549639306,12.107680917420765]],"type":"LineString"}},{"type":"Feature","properties":{},"geometry":{"coordinates":[[-86.25736093259455,12.107843839644573],[-86.25736050299628,12.107810236286312]],"type":"LineString"}},{"type":"Feature","properties":{},"geometry":{"coordinates":[[-86.25736104957589,12.107843438541806],[-86.25752985834207,12.10784192662777]],"type":"LineString"}},{"type":"Feature","properties":{},"geometry":{"coordinates":[[-86.25797724780645,12.109090377749325],[-86.25798330300022,12.109049611113477]],"type":"LineString"}},{"type":"Feature","properties":{},"geometry":{"coordinates":[[-86.25804265113855,12.109505613745895],[-86.25811773901714,12.109473735284936],[-86.25817701892106,12.10947470129878],[-86.25818393490987,12.109397420167056],[-86.25818294691165,12.109342357346904],[-86.25822147884917,12.109319172997374],[-86.25827581876136,12.109330765172416],[-86.25835584663169,12.109326901113704],[-86.25840623455038,12.109323037056186],[-86.2584082105468,12.109357813578],[-86.25840919854565,12.109372303793918]],"type":"LineString"}},{"type":"Feature","properties":{},"geometry":{"coordinates":[[-86.25848033443013,12.109370371765536],[-86.25847737043544,12.109304682778529],[-86.25848428642425,12.109291158573427],[-86.25852775835351,12.109287294514132],[-86.25854455432642,12.109286328499635]],"type":"LineString"}},{"type":"Feature","properties":{},"geometry":{"coordinates":[[-86.25854370135049,12.10928709822889],[-86.25869020654818,12.109288622115258],[-86.25868968702629,12.10924493736114],[-86.25872137786637,12.109243921435024]],"type":"LineString"}},{"type":"Feature","properties":{},"geometry":{"coordinates":[[-86.25854006469665,12.109159091718567],[-86.25868708941621,12.109154012093555]],"type":"LineString"}},{"type":"Feature","properties":{},"geometry":{"coordinates":[[-86.2583412405081,12.108838978083568],[-86.25839796331695,12.108591473905221]],"type":"LineString"}},{"type":"Feature","properties":{},"geometry":{"coordinates":[[-86.25675356701294,12.108942832169404],[-86.25657424530323,12.10894573021794]],"type":"LineString"}},{"type":"Feature","properties":{},"geometry":{"coordinates":[[-86.25754521872666,12.10683749581122],[-86.2572482167786,12.106864439777198],[-86.25704467489024,12.106802878277804]],"type":"LineString"}},{"type":"Feature","properties":{},"geometry":{"coordinates":[[-86.25742346093018,12.10840413725829],[-86.25749063236175,12.108403677978401],[-86.2574995572375,12.108442716772004],[-86.25771234506014,12.108451902369183]],"type":"LineString"}},{"type":"Feature","properties":{},"geometry":{"coordinates":[[-86.25778522408706,12.108283892401161],[-86.25778255186101,12.108215437628317],[-86.25781408413357,12.108209689516514]],"type":"LineString"}},{"type":"Feature","properties":{},"geometry":{"coordinates":[[-86.2577712628645,12.107944273983335],[-86.25798043776597,12.1079663367573],[-86.25824495984801,12.107945893420776],[-86.2582515849805,12.108114314893086],[-86.25824164728125,12.108158039681214],[-86.25781181066203,12.10818355087821]],"type":"LineString"}},{"type":"Feature","properties":{},"geometry":{"coordinates":[[-86.25886551547578,12.109136405931295],[-86.25902186054223,12.109134688330997],[-86.25901746882646,12.109039361540496],[-86.25900692871012,12.108808344221757],[-86.25900692871012,12.108787733001307],[-86.25875396590625,12.108785156599012],[-86.25868809017607,12.108767980581163],[-86.25868282011787,12.108699276496367]],"type":"LineString"}},{"type":"Feature","properties":{},"geometry":{"coordinates":[[-86.25886065851442,12.109039361540681],[-86.25884748336817,12.108823802636024]],"type":"LineString"}},{"type":"Feature","properties":{},"geometry":{"coordinates":[[-86.25868765829969,12.109023903139132],[-86.25868326658387,12.10888821268557],[-86.2585286782044,12.108895083089976]],"type":"LineString"}},{"type":"Feature","properties":{},"geometry":{"coordinates":[[-86.25783721795372,12.107953572656925],[-86.2577674703163,12.107620775772773],[-86.25776468041087,12.107380725304239],[-86.2577842097493,12.10712703536909],[-86.25776468041087,12.106996098534822],[-86.25784837757543,12.106903351570992],[-86.25799903247194,12.1068296995481],[-86.2581385277468,12.106818788134916],[-86.25819711576204,12.10686788948864],[-86.25823059462803,12.106925174389175],[-86.25845378706741,12.10691699083246],[-86.25866860979004,12.107007009939949],[-86.25874951704917,12.107083389764796]],"type":"LineString"}},{"type":"Feature","properties":{},"geometry":{"coordinates":[[-86.25812368801026,12.107956016213222],[-86.2581299896883,12.108165506848422]],"type":"LineString"}},{"type":"Feature","properties":{},"geometry":{"coordinates":[[-86.25783201034135,12.107927849393405],[-86.25808857866136,12.107926088966238],[-86.25825422276972,12.10791728683462],[-86.25834694746047,12.107919047260765],[-86.2584675795831,12.107920807687961]],"type":"LineString"}},{"type":"Feature","properties":{},"geometry":{"coordinates":[[-86.25726956982902,12.107924590974974],[-86.25735689308183,12.108016133131912]],"type":"LineString"}},{"type":"Feature","properties":{},"geometry":{"coordinates":[[-86.25691451703516,12.108074182565048],[-86.25710356737595,12.108072422139912],[-86.2571026671364,12.107916624444059],[-86.2571026671364,12.107861171005254],[-86.25692531991209,12.10785853036549],[-86.2568271937823,12.10786205121849],[-86.25682449306308,12.107881415912502],[-86.25682629354276,12.107705373187287],[-86.25671826477615,12.107704492973511]],"type":"LineString"}},{"type":"Feature","properties":{},"geometry":{"coordinates":[[-86.25682629354276,12.107715935753319],[-86.25726741100524,12.107719456609288]],"type":"LineString"}},{"type":"Feature","properties":{},"geometry":{"coordinates":[[-86.25727641340191,12.108081224266428],[-86.25710176689682,12.108090906606208],[-86.25710446761607,12.108068901288604]],"type":"LineString"}},{"type":"Feature","properties":{},"geometry":{"coordinates":[[-86.25688367006114,12.108821107944081],[-86.2571969534834,12.108816706893649]],"type":"LineString"}},{"type":"Feature","properties":{},"geometry":{"coordinates":[[-86.2572680724208,12.109265613747425],[-86.2572464666675,12.108571128118953]],"type":"LineString"}},{"type":"Feature","properties":{},"geometry":{"coordinates":[[-86.25688367005374,12.108813061288231],[-86.25673873145912,12.108810420656795],[-86.25674773385639,12.108720639194004]],"type":"LineString"}},{"type":"Feature","properties":{"Zona Segura/Safety Zone":""},"geometry":{"type":"Polygon","coordinates":[[[-86.25786417975435,12.108878452473895],[-86.25786666249809,12.108878333218232],[-86.25786912133161,12.108877976599747],[-86.25787153257507,12.108877386052866],[-86.2578738730068,12.108876567264884],[-86.25787612008719,12.108875528121176],[-86.25787825217564,12.108874278629271],[-86.25788024873894,12.108872830822458],[-86.25788209054909,12.108871198643909],[-86.25788375986848,12.1088693978124],[-86.25788524062062,12.108867445670933],[-86.25788651854506,12.108865361019697],[-86.25788758133473,12.108863163935021],[-86.25788841875436,12.108860875576037],[-86.25788902273914,12.108858517980895],[-86.25788938747239,12.10885611385453],[-86.25788950944154,12.10885368634999],[-86.25788938747193,12.10885125884547],[-86.25788902273824,12.10884885471917],[-86.25788841875304,12.108846497124135],[-86.25788758133307,12.108844208765294],[-86.25788651854312,12.10884201168079],[-86.25788524061844,12.108839927029752],[-86.25788375986616,12.1088379748885],[-86.25788209054674,12.108836174057217],[-86.25788024873663,12.108834541878894],[-86.25787825217347,12.108833094072297],[-86.25787612008526,12.108831844580589],[-86.25787387300515,12.108830805437053],[-86.25787153257376,12.108829986649214],[-86.25786912133073,12.10882939610244],[-86.25786666249762,12.10882903948402],[-86.25786417975435,12.10882892022838],[-86.25786169701108,12.10882903948402],[-86.25785923817796,12.10882939610244],[-86.25785682693493,12.108829986649214],[-86.25785448650353,12.108830805437053],[-86.25785223942343,12.108831844580589],[-86.25785010733522,12.108833094072297],[-86.25784811077206,12.108834541878894],[-86.25784626896196,12.108836174057217],[-86.25784459964252,12.1088379748885],[-86.25784311889026,12.108839927029752],[-86.25784184096557,12.10884201168079],[-86.25784077817562,12.108844208765294],[-86.25783994075564,12.108846497124135],[-86.25783933677045,12.10884885471917],[-86.25783897203675,12.10885125884547],[-86.25783885006716,12.10885368634999],[-86.25783897203631,12.10885611385453],[-86.25783933676955,12.108858517980895],[-86.25783994075432,12.108860875576037],[-86.25784077817396,12.108863163935021],[-86.25784184096362,12.108865361019697],[-86.25784311888808,12.108867445670933],[-86.25784459964021,12.1088693978124],[-86.2578462689596,12.108871198643909],[-86.25784811076974,12.108872830822458],[-86.25785010733304,12.108874278629271],[-86.2578522394215,12.108875528121176],[-86.25785448650188,12.108876567264884],[-86.25785682693362,12.108877386052866],[-86.25785923817708,12.108877976599747],[-86.25786169701061,12.108878333218232],[-86.25786417975435,12.108878452473895]]]},"id":279}]}